#  STRING NAME (do not change!);English;French;Italian;Spanish;German;Polish;Portugese;Russian;;Extra2;X
#;;;;;;;;;;;X
# Countries!;;;;;;;;;;;X
#;;;;;;;;;;;X
AFG;Afghanistan;Afghanistan;Afghanistan;Afganistán;Afghanistan;Afganistan;;;;;X
ALB;Albania;Albanie;Albania;Albania;Albanien;Albania;;;;;X
ALG;Algeria;Algérie;Algeria;Argelia;Algerien;Algieria;;;;;X
ALI;Alien Invaders;Envahisseurs aliens;Gli invasori stranieri;Invasores extranjeros;Außerirdische Invasoren;Obcy NajeŸdŸcy;;;;;X
ALS;The Allies;Les Alliés;Gli Alleati;Los Aliados;Die Alliierten;Alianci;;;;;X
ANG;Angola;Angola;Angola;Angola;Angola;Angola;;;;;X
ARA;Arab Federation;Fédération arabe;Federazione araba;Federación Árabe;Arabische Liga;Federacja Arabska;;;;;X
ARG;Argentina;Argentine;Argentina;Argentina;Argentinien;Argentyna;;;;;X
ARM;Armenia;Arménie;Armenia;Armenia;Armenien;Armenia;;;;;X
AST;Australia;Australie;Australia;Australia;Australien;Australia;;;;;X
AUS;Austria;Autriche;Austria;Austria;Österreich;Austria;;;;;X
AXI;The Axis;L’Axe;L’Asse;El Eje;Die Achsenmächte;Pañstwa Osi;;;;;X
AZB;Azerbaijan;Azerbaidjan;Azerbaigian;Azerbaiyán;Aserbaidschan;Azerbejd¿an;;;;;X
BEL;Belgium;Belgique;Belgio;Bélgica;Belgien;Belgia;;;;;X
BEN;Benin-Sahel;Bénin-Sahel;Benin-Sahel;Benin-Sahel;Benin-Sahel;Benin-Sahel;;;;;X
BHU;Bhutan;Bhoutan;Bhutan;Bután;Bhutan;Bhutan;;;;;x
BLR;Byelorussia;Biélorussie;Bielorussia;Bielorrusia;Belarus;Bia³oruœ;;;;;X
BOL;Bolivia;Bolivie;Bolivia;Bolivia;Bolivien;Boliwia;;;;;X
BOS;Bosnia;Bosnie;Bosnia;Bosnia;Bosnien;Boœnia;;;;;X
BRA;Brazil;Brésil;Brasile;Brasil;Brasilien;Brazylia;;;;;X
BRU;Brunei;Brunei;Brunei;Brunei;Brunei;Brunei;;;;;x
BUL;Bulgaria;Bulgarie;Bulgaria;Bulgaria;Bulgarien;Bu³garia;;;;;X
BUR;Burma;Birmanie;Birmania;Birmania;Burma;Birma;;;;;X
CAL;California;Californie;California;California;Kalifornien;Kalifornia;;;;;X
CAM;Cameroon;Cameroun;Camerun;Camerún;Kamerun;Kamerun;;;;;X
CAN;Canada;Canada;Canada;Canadá;Kanada;Kanada;;;;;X
CGX;Guangxi Clique;Clan Guangxi ;Guangxi Clique;Camarilla de Guangxi;Guangxi;Kwang-Si;;;;;X
CHC;Communist China;Chine Comm.;Cina comunista;China Comunista;Rotchina;Kom. Chiny;;;;;X
CHI;Nationalist China;Chine nationaliste;Cina naz.;China Nacionalista;Republik China;Nacj. Chiny;;;;;X
CHL;Chile;Chili;Cile;Chile;Chile;Chile;;;;;X
CMB;Cambodia;Cambodge;Cambogia;Camboya;Kambodscha;Kambod¿a;;;;;X
COL;Colombia;Colombie;Colombia;Colombia;Kolumbien;Kolumbia;;;;;X
CON;Congo;Congo;Congo;El Congo;Kongo;Kongo;;;;;X
COS;Costa Rica;Costa Rica;Costa Rica;Costa Rica;Costa Rica;Kostaryka;;;;;X
CRO;Croatia;Croatie;Croazia;Croacia;Kroatien;Chorwacja;;;;;X
CSA;Confederate States ;États confédérés;Stati Confederati;Estados Confederados;Konföderierte Staaten;Konfederacja;;;;;X
CSX;Shanxi;Shanxi;Shanxi;Shansi;Shanxi;Szansi;;;;;X
CUB;Cuba;Cuba;Cuba;Cuba;Kuba;Kuba;;;;;X
CXB;Xibei San Ma;Xibei San Ma;Xibei San Ma;Xibei San Ma;Xibei San Ma;Xibei San Ma;;;;;X
CYN;Yunnan;Yunnan;Yunnan;Yunnan;Yunnan;Junnan;;;;;X
CYP;Cyprus;Chypre;Cipro;Chipre;Zypern;Cypr;;;;;X
CZE;Czechoslovakia;Tchécoslovaquie;Cecoslovacchia;Checoslovaquia;Tschechoslowakei;Czechos³owacja;;;;;X
DDR;DDR;RDA;DDR;RDA;DDR;NRD;;;;;X
DEN;Denmark;Danemark;Danimarca;Dinamarca;Dänemark;Dania;;;;;X
DFR;FRG;RFA;RFT;RFA;BRD;RFN;;;;;X
DOM;Dominican Republic;Rép. Dominicaine;Rep. Dominicana;República Dominicana;Dominikanische Rep.;Rep. Dominikany;;;;;X
EAF;East African Union;Union est-africaine;Unione Africana orientale;Unión Africana Oriental;Ostafrikanische Union;Wsp. Wschodnioafr.;;;;;X
ECU;Ecuador;Equateur;Ecuador;Ecuador;Ecuador;Ekwador;;;;;X
EGY;Egypt;Egypte;Egitto;Egipto;Ägypten;Egipt;;;;;x
ENG;United Kingdom;Royaume-Uni;Regno Unito;Reino Unido;Großbritannien;Wielka Brytania;;;;;X
EQA;Equatorial Africa;Afrique équatoriale;Africa equatoriale;África Ecuatorial;Äquatorialafrika;Afryka Równikowa;;;;;X
EST;Estonia;Estonie;Estonia;Estonia;Estland;Estonia;;;;;X
ETH;Ethiopia;Ethiopie;Etiopia;Etiopía;Äthiopien;Etiopia;;;;;X
EUS;Euskadi;Euskadi;Euskadi;Euskadi;Euskadi;Kraj Basków;;;;;X
FIN;Finland;Finlande;Finlandia;Finlandia;Finnland;Finlandia;;;;;X
FLA;Flanders;Flandre;Fiandre;Flandes;Flandern;Flandria;;;;;X
FRA;France;France;Francia;Francia;Frankreich;Francja;;;;;X
GAB;Gabon;Gabon;Gabon;Gabón;Gabun;Gabon;;;;;X
GEO;Georgia;Géorgie;Georgia;Georgia;Georgien;Gruzja;;;;;X
GER;Germany;Allemagne;Germania;Alemania;Deutsches Reich;Niemcy;;;;;X
GLD;Ghana;Ghana;Ghana;Ghana;Ghana;Ghana;Gana;;;;X
GRE;Greece;Grèce;Grecia;Grecia;Griechenland;Grecja;;;;;X
GUA;Guatemala;Guatemala;Guatemala;Guatemala;Guatemala;Gwatemala;;;;;X
GUI;Guinea;Guinée;Guinea;Guinea;Guinea;Gwinea;;;;;X
GUY;Guyana;Guyane;Guyana;Guayana;Guyana;Gujana;;;;;X
HAI;Haiti;Haiti;Haiti;Haití;Haiti;Haiti;;;;;x
HOL;Netherlands;Pays-Bas;Paesi Bassi;Países Bajos;Niederlande;Holandia;;;;;X
HON;Honduras;Honduras;Honduras;Honduras;Honduras;Honduras;;;;;x
HUN;Hungary;Hongrie;Ungheria;Hungría;Ungarn;Wêgry;;;;;X
ICL;Iceland;Islande;Islanda;Islandia;Island;Islandia;;;;;x
IDC;Indochina;Indochine;Indocina;Indochina;Indochina;Indochiny;;;;;X
IND;India;Inde;India;India;Indien;Indie;;;;;X
INO;Indonesia;Indonésie;Indonesia;Indonesia;Indonesien;Indonezja;;;;;X
IRE;Ireland;Irlande;Irlanda;Irlanda;Irland;Irlandia;;;;;X
IRQ;Iraq;Irak;Iraq;Irak;Irak;Irak;;;;;x
ISR;Israel;Israël;Israele;Israel;Israel;Izrael;;;;;X
ITA;Italy;Italie;Italia;Italia;Italien;W³ochy;;;;;X
JAP;Japan;Japon;Giappone;Japón;Japan;Japonia;;;;;X
JOR;Jordan;Jordanie;Giordania;Jordán;Jordanien;Jordania;;;;;x
KAZ;Kazakhstan;Kazakhstan;Kazakistan;Kazajstán;Kasachstan;Kazachstan;;;;;X
KOR;Korea;Corée;Corea;Corea;Korea;Korea;;;;;X
KUR;Kurdistan;Kurdistan;Kurdistan;Kurdistán;Kurdistan;Kurdystan;;;;;X
KYG;Kyrgyzstan;Kirghizistan;Kirghizistan;Kirguizistán;Kirgistan;Kirgistan;;;;;X
LAO;Laos;Laos;Laos;Laos;Laos;Laos;;;;;X
LAT;Latvia;Lettonie;Lettonia;Letonia;Lettland;£otwa;;;;;X
LBY;Libya;Libye;Libia;Libia;Libyen;Libia;;;;;X
LEB;Lebanon;Liban;Libano;Líbano;Libanon;Liban;;;;;x
LIB;Liberia;Libéria;Liberia;Liberia;Liberia;Liberia;;;;;x
LIT;Lithuania;Lituanie;Lituania;Lituania;Litauen;Litwa;;;;;X
LUX;Luxemburg;Luxembourg;Lussemburgo;Luxemburgo;Luxemburg;Luksemburg;;;;;x
MAD;Madagascar;Madagascar;Madagascar;Madagascar;Madagaskar;Madagaskar;;;;;X
MAL;Union of Mali;Union du Mali;Unione del Mali;Unión de Malí;Union von Mali;Mali;;;;;X
MAN;Manchukuo;Mandchourie;Manchukuo;Manchuria;Mandschuko;Mand¿ukuo;;;;;X
MEN;Mengkukuo;Mengkukuo;Mengkukuo;Mengkukuo;Mengjiang;Mongolia Wewn.;;;;;X
MEX;Mexico;Mexique;Messico;México;Mexiko;Meksyk;;;;;X
MIN;(Undefined Nation);(nation non définie);(Nazione non specificata);(Nación sin definir);(nicht definierte Nation);(Nieokreœlone pañstwo);;;;;X
MLY;Malaysia;Malaisie;Malesia;Malasia;Malaysia;Malezja;;;;;X
MON;Mongolia;Mongolie;Mongolia;Mongolia;Mongolei;Mongolia;;;;;X
MOR;Morocco;Maroc;Marocco;Marruecos;Marokko;Maroko;;;;;X
MOZ;Mozambique;Mozambique;Mozambico;Mozambique;Mosambik;Mozambik;;;;;X
MTN;Montenegro;Monténégro;Montenegro;Montenegro;Montenegro;Czarnogóra;;;;;x
NAM;Namibia;Namibie;Namibia;Namibia;Namibia;Namibia;;;;;X
NEP;Nepal;Népal;Nepal;Nepal;Nepal;Nepal;;;;;x
NIC;Nicaragua;Nicaragua;Nicaragua;Nicaragua;Nicaragua;Nikaragua;;;;;X
NIG;Nigeria;Nigeria;Nigeria;Nigeria;Nigeria;Nigeria;;;;;X
NOR;Norway;Norvège;Norvegia;Noruega;Norwegen;Norwegia;;;;;X
NZL;New Zealand;Nouvelle-Zélande;Nuova Zelanda;Nueva Zelanda;Neuseeland;Nowa Zelandia;;;;;X
OMN;Oman;Oman;Oman;Omán;Oman;Oman;;;;;x
OTT;Ottoman Empire;Empire Ottoman;Impero Ottomano;Imperio Otomano;Ottomanisches Reich;Imp. Ottomañskie;;;;;X
PAK;Pakistan;Pakistan;Pakistan;Pakistán;Pakistan;Pakistan;;;;;X
PAL;Palestine;Palestine;Palestina;Palestina;Palästina;Palestyna;;;;;X
PAN;Panama;Panama;Panama;Panamá;Panama;Panama;;;;;x
PAR;Paraguay;Paraguay;Paraguay;Paraguay;Paraguay;Paragwaj;;;;;X
PER;Persia;Perse;Persia;Persia;Persien;Persja;;;;;X
PHI;Philippines;Philippines;Filippine;Filipinas;Philippinen;Filipiny;;;;;X
POL;Poland;Pologne;Polonia;Polonia;Polen;Polska;;;;;X
POR;Portugal;Portugal;Portogallo;Portugal;Portugal;Portugalia;;;;;X
PRI;Primorsk;Primorsk;Primorsk;Primorsk;Primorsk;Rybaki;;;;;X
PRK;People's Republic of Korea;République populaire de Corée;Repubblica popolare di Corea;República Popular de Corea;Volksrepublik Korea;Korea Pó³nocna;;;;;X
PRU;Peru;Pérou;Perù;Perú;Peru;Peru;;;;;X
QUE;Quebec;Québec;Quebec;Québec;Quebec;Quebec;;;;;X
RHO;Rhodesia and Nyasaland;Rhodésie et Nyassaland;Rhodesia e Nyasaland;Rhodesia y Nyasaland;Rhodesien und Njassaland;Rodezji i Niasy;Rodésias e Niassalândia;;;;X
ROM;Romania;Roumanie;Romania;Rumania;Rumänien;Rumunia;;;;;X
RSI;Italian Social Republic;République sociale italienne;Repubblica Sociale Italiana;República Socialista Italiana;Italienische Sozialrepublik;W³oska Rep. Socj.;;;;;X
RUS;Russia;Russie;Russia;Rusia;Russland;Rosja;;;;;X
SAF;South Africa;Afrique du Sud;Sudafrica;Sudáfrica;Südafrika;RPA;;;;;X
SAL;El Salvador;Salvador;El Salvador;El Salvador;El Salvador;Salwador;;;;;x
SAR;Sarawak;Sarawak;Sarawak;Sarawak;Sarawak;Sarawak;;;;;x
SAU;Saudi Arabia;Arabie Saoudite;Arabia Saudita;Arabia Saudí;Saudi-Arabien;Arabia Saudyjska;;;;;X
SCA;Scandinavia;Scandinavie;Scandinavia;Escandinavia;Skandinavien;Skandynawia;;;;;X
SCH;Switzerland;Suisse;Svizzera;Suiza;Schweiz;Szwajcaria;;;;;X
SCO;Scotland;Écosse;Scozia;Escocia;Schottland;Szkocja;;;;;X
SER;Serbia;Serbie;Serbia;Serbia;Serbien;Serbia;;;;;x
SIA;Siam;Siam;Siam;Siam;Siam;Syjam;;;;;X
SIB;Siberia;Sibérie;Siberia;Siberia;Sibirien;Syberia;;;;;X
SIE;Sierra Leone;Sierra Léone;Sierra Leone;Sierra Leona;Sierra Leone;Sierra Leone;;;;;X
SIK;Sinkiang;Xinjiang;Sinkiang;Xinjiang;Xinjiang;Sinciang-Ujgur;;;;;x
SLO;Slovakia;Slovaquie;Slovacchia;Eslovaquia;Slowakei;S³owacja;;;;;X
SLV;Slovenia;Slovénie;Slovenia;Eslovenia;Slowenien;S³owenia;;;;;X
SOM;Somalia;Somalie;Somalia;Somalia;Somalia;Somalia;;;;;X
SOV;Soviet Union;URSS;Unione Sovietica;URSS;Sowjetunion;Zwi¹zek Radziecki;;;;;X
SPA;Nationalist Spain;Espagne nationaliste;Spagna naz.;España Nacional;Nat. Spanien;Nacj. Hiszpania;;;;;X
SPR;Republican Spain;Espagne Rép.;Spagna rep.;España Republicana;Rep. Spanien;Rep. Hiszpania;;;;;X
SUD;Sudan;Soudan;Sudan;Sudán;Sudan;Sudan;;;;;X
SWE;Sweden;Suède;Svezia;Suecia;Schweden;Szwecja;;;;;X
SYR;Syria;Syrie;Siria;Siria;Syrien;Syria;;;;;X
TAJ;Tajikistan;Tadjikistan;Tagikistan;Tayikistán;Tadschikistan;Tad¿ykistan;;;;;X
TAN;Tannu Tuva;Tannu Tuva;Tannu Tuva;Tannu Tuva;Tannu-Tuwa;Tanu Tuwa;;;;;X
TEX;Texas;Texas;Texas;Texas;Texas;Teksas;;;;;X
TIB;Tibet;Tibet;Tibet;Tíbet;Tibet;Tybet;;;;;X
TRA;Transural Republic;République transourale;Repubblica Transurale;República Transural;Transural-Republik;Republika Zauralska;;;;;X
TRK;Turkmenistan;Turkménistan;Turkmenistan;Turkmenistán;Turkmenistan;Turkmenistan;;;;;X
TUN;Tunisia;Tunisie;Tunisia;Túnez;Tunesien;Tunezja;;;;;X
TUR;Turkey;Turquie;Turchia;Turquía;Türkei;Turcja;;;;;X
UKR;Ukraine;Ukraine;Ucraina;Ucrania;Ukraine;Ukraina;;;;;X
URU;Uruguay;Uruguay;Uruguay;Uruguay;Uruguay;Urugwaj;;;;;X
USA;USA;Etats-Unis;USA;EE. UU.;USA;USA;;;;;X
UZB;Uzbekistan;Ouzbékistan;Uzbekistan;Uzbekistán;Usbekistan;Uzbekistan;;;;;X
VEN;Venezuela;Vénézuéla;Venezuela;Venezuela;Venezuela;Wenezuela;;;;;X
VIC;Vichy France;Régime de Vichy;Vichy francese;Francia de Vichy;Vichy-Frankreich;Vichy;;;;;X
VIE;Nationalist Vietnam;Vietnam nationaliste;Vietnam naz.;Vietnam Nacionalista;Nat. Vietnam;Nacj. Wietnam;;;;;X
WLL;Wallonia;Wallonie;Vallonia;Valonia;Wallonien;Walonia;;;;;X
YEM;Yemen;Yémen;Yemen;Yemen;Jemen;Jemen;;;;;X
YUG;Yugoslavia;Yougoslavie;Jugoslavia;Yugoslavia;Jugoslawien;Jugos³awia;;;;;X
U00;User Defined;Paramétrable;Definito dall'utente;Def. por usuario;Benutzerdefiniert;Zdefiniowane przez u¿ytkownika;;;;;X
U01;User Defined;Paramétrable;Definito dall'utente;Def. por usuario;Benutzerdefiniert;Zdefiniowane przez u¿ytkownika;;;;;X
U02;User Defined;Paramétrable;Definito dall'utente;Def. por usuario;Benutzerdefiniert;Zdefiniowane przez u¿ytkownika;;;;;X
U03;User Defined;Paramétrable;Definito dall'utente;Def. por usuario;Benutzerdefiniert;Zdefiniowane przez u¿ytkownika;;;;;X
U04;User Defined;Paramétrable;Definito dall'utente;Def. por usuario;Benutzerdefiniert;Zdefiniowane przez u¿ytkownika;;;;;X
U05;User Defined;Paramétrable;Definito dall'utente;Def. por usuario;Benutzerdefiniert;Zdefiniowane przez u¿ytkownika;;;;;X
U06;User Defined;Paramétrable;Definito dall'utente;Def. por usuario;Benutzerdefiniert;Zdefiniowane przez u¿ytkownika;;;;;X
U07;User Defined;Paramétrable;Definito dall'utente;Def. por usuario;Benutzerdefiniert;Zdefiniowane przez u¿ytkownika;;;;;X
U08;User Defined;Paramétrable;Definito dall'utente;Def. por usuario;Benutzerdefiniert;Zdefiniowane przez u¿ytkownika;;;;;X
U09;User Defined;Paramétrable;Definito dall'utente;Def. por usuario;Benutzerdefiniert;Zdefiniowane przez u¿ytkownika;;;;;X
U10;User Defined;Paramétrable;Definito dall'utente;Def. por usuario;Benutzerdefiniert;Zdefiniowane przez u¿ytkownika;;;;;X
U11;User Defined;Paramétrable;Definito dall'utente;Def. por usuario;Benutzerdefiniert;Zdefiniowane przez u¿ytkownika;;;;;X
U12;User Defined;Paramétrable;Definito dall'utente;Def. por usuario;Benutzerdefiniert;Zdefiniowane przez u¿ytkownika;;;;;X
U13;User Defined;Paramétrable;Definito dall'utente;Def. por usuario;Benutzerdefiniert;Zdefiniowane przez u¿ytkownika;;;;;X
U14;User Defined;Paramétrable;Definito dall'utente;Def. por usuario;Benutzerdefiniert;Zdefiniowane przez u¿ytkownika;;;;;X
U15;User Defined;Paramétrable;Definito dall'utente;Def. por usuario;Benutzerdefiniert;Zdefiniowane przez u¿ytkownika;;;;;X
U16;User Defined;Paramétrable;Definito dall'utente;Def. por usuario;Benutzerdefiniert;Zdefiniowane przez u¿ytkownika;;;;;X
U17;User Defined;Paramétrable;Definito dall'utente;Def. por usuario;Benutzerdefiniert;Zdefiniowane przez u¿ytkownika;;;;;X
U18;User Defined;Paramétrable;Definito dall'utente;Def. por usuario;Benutzerdefiniert;Zdefiniowane przez u¿ytkownika;;;;;X
U19;User Defined;Paramétrable;Definito dall'utente;Def. por usuario;Benutzerdefiniert;Zdefiniowane przez u¿ytkownika;;;;;X
##;;;;;;;;;;;X
#  Regional definitions;;;;;;;;;;;X
##;;;;;;;;;;;X
CON_-;-;-;-;-;-;-;;;;;X
CON_Africa;Africa;Afrique;Africa;África;Afrika;Afryka;;;;;X
CON_Asia;Asia;Asie;Asia;Asia;Asien;Azja;;;;;X
CON_Europe;Europe;Europe;Europa;Europa;Europa;Europa;;;;;X
CON_NAmerica;North America;Amérique du Nord;Nordamerica;Norteamérica;Nordamerika;Ameryka Pó³nocna;;;;;X
CON_Oceania;Oceania;Océanie;Oceania;Oceanía;Ozeanien;Oceania;;;;;X
CON_SAmerica;South America;Amérique du Sud;Sudamerica;Sudamérica;Südamerika;Ameryka Po³udniowa;;;;;X
#;;;;;;;;;;;X
AREA_-;-;-;-;-;-;-;;;;;X
AREA_ADELAIDE;Adelaide;Adélaïde;Adelaide;Adelaida;Adelaide;Adelajda;;;;;X
AREA_AFGHANISTAN;Afghanistan;Afghanistan;Afghanistan;Afganistán;Afghanistan;Afganistan;;;;;X
AREA_AGATS;Agats;Agats;Agats;Agats;Agats;Agaty;;;;;X
AREA_ALABAMA;Alabama;Alabama;Alabama;Alabama;Alabama;Alabama;;;;;X
AREA_ALASKA;Alaska;Alaska;Alaska;Alaska;Alaska;Alaska;;;;;X
AREA_ALASKAN_ARCHIPELAGO;East Aleutians;Archipel des aléoutiennes;Arcipelago di Alaska;Archipiélago de Alaska;Östl. Aleuten;Archipelag Alaskañski;;;;;X
AREA_ALBANIA;Albania;Albanie;Albania;Albania;Albanien;Albania;;;;;X
AREA_ALBERTA;Alberta;Alberta;Alberta;Alberta;Alberta;Alberta;;;;;x
AREA_ALGERIAN_COAST;Algerian Coast;Côte algérienne;Costa dell'Algeria;Costa de Argelia;Küste von Algerien;Wybrze¿e Algieru;;;;;X
AREA_ALICE_SPRINGS;Alice Springs;Alice Springs;Alice Springs;Alice Springs;Alice Springs;Alice Springs;;;;;X
AREA_ALPES_PROVENCE;Alpes-Provence;Alpes-Provence;Alpi-Provenza;Alpes-Provenza;Provence Alpes;Prowansja;;;;;X
AREA_AMUR;Amur;Amour;Amur;Amur;Amur;Amur;;;;;X
AREA_ANATOLIAN_NORTH_COAST;Anatolian North Coast;Côte nord d’Anatolie;Costa anatolica settentrionale ;Costa norte de Anatolia;Nordküste von Anatolien;Pó³nocne Wybrze¿e Anatolii;;;;;X
AREA_ANATOLIAN_SOUTH_COAST;Anatolian South Coast;Côte sud d’Anatolie;Costa anatomica meridionale;Costa sur de Anatolia;Südküste von Anatolien;Po³udniowe Wybrze¿e Anatolii;;;;;X
AREA_ANGOLAN_COAST;Angolan Coast;Côte de l’Angola;Costa dell'Angola;Costa angoleña;Küste von Angola;Wybrze¿e Angoli;;;;;X
AREA_ANGOLAN_PLAINS;Angolan Plains;Plaines de l’Angola;Pianure dell'Angola;Llanuras angoleñas;Angola-Ebenen;Równiny Angoli;;;;;X
AREA_ANHUI;Anhui;Anhui;Anhui;Anhui;Anhui;Anhui;;;;;X
AREA_ANTILLES;Antilles;Antilles;Antille;Antillas;Antillen;Antyle;;;;;X
AREA_APPENNINE_RIDGE;Appennine Ridge;Dorsale des Apennins;Dorsale appenninica;Los Apeninos;Nördl. Mittelitalien;Apeniny;;;;;X
AREA_AQUITAINE;Aquitaine;Aquitaine;Aquitania;Aquitania;Aquitanien;Akwitania;;;;;X
AREA_ARABIAN_DESERT;Arabian Desert;Désert d’Arabie;Deserto arabo;Desierto Arábigo;Arabische Wüste;Pustynia Arabska;;;;;X
AREA_ARIZONA;Arizona;Arizona;Arizona;Arizona;Arizona;Arizona;;;;;X
AREA_ARKANSAS;Arkansas;Arkansas;Arkansas;Arkansas;Arkansas;Arkansas;;;;;X
AREA_ARKHANGELSK;Arkhangelsk;Arkhangelsk;Arkhangelsk;Arkhangelsk;Archangelsk;Archangielsk;;;;;X
AREA_ARMENIA_AZERBAIJAN;Armenia-Azerbaijan;Arménie-Azerbaïdjan;Armenia-Azerbaijan;Armenia-Azerbaiyán;Armenien/Aserbaidschan;Armenia i Azerbejd¿an;;;;;X
AREA_ASTRAKHAN;Astrakhan;Astrakhan;Astrakhan;Astracán;Astrachan;Astrachañ;;;;;X
AREA_ASUNCION;Asuncion;Asunción;Asuncion;Asunción;Asunción;Asuncion;;;;;X
AREA_ATTICA;Attica;Attique;Attica;Ática;Attika;Attyka;;;;;X
AREA_AUSTRIA;Austria;Autriche;Austria;Austria;Österreich;Austria;;;;;X
AREA_BABO;Babo;Babo;Babo;Babo;Babo;Babo;;;;;X
AREA_BADEN_WURTTEMBERG;Baden-Wurttemberg;Bade-Wurtemberg;Baden-Wurttemberg;Baden-Wurttemberg;Baden-Württemberg/Schwaben;Badenia-Wirtembergia;;;;;X
AREA_BAHAMAS_ISLANDS;Bahamas Islands;Iles Lucayes;Isole Bahamas;Islas Bahamas;Bahama-Inseln;Bahamy;;;;;X
AREA_BALEARES;Baleares;Baléares;Baleari;Baleares;Balearen;Baleary;;;;;X
AREA_BAVARIA;Bavaria;Bavière;Bavaria;Baviera;Bayern;Bawaria;;;;;X
AREA_BECHUANALAND;Bechuanaland;Bechuanaland;Bechuanaland;Bechuanalandia;Botswana;Botswana;;;;;X
AREA_BENGAL;West Bengal;Bengale;Bengala;Bengala;Bengalen;Bengal;;;;;X
AREA_BENGAZI;Bengazi;Bengazi;Bengazi;Bengasi;Bengasi;Bengazi;;;;;X
AREA_BERMUDA;Bermuda;Bermudes;Bermuda;Bermudas;Bermuda-Inseln;Bermudy;;;;;X
AREA_BESSARABIA;Bessarabia;Bessarabie;Bessarabia;Besarabia;Bessarabien;Besarabia;;;;;X
AREA_BOHEMIA;Bohemia;Bohème;Boemia;Bohemia;Böhmen/Mähren;Czechy;;;;;X
AREA_BOMBAY;Bombay;Bombai;Bombay;Bombay;Bombay;Bombaj;;;;;X
AREA_BONIN;Bonin;Bonin;Bonin;Bonin;Bonininseln;Wyspy Bonin;;;;;X
AREA_BOSNIA;Bosnia;Bosnie;Bosnia;Bosnia;Bosnien;Boœnia;;;;;X
AREA_BOSPORUS;Bosporus;Bosphore;Bosforo;Bósforo;Bosporus;Bosfor;;;;;X
AREA_BOUGAINVILLE;North Solomons;Bougainville;Bougainville;Bougainville;Nördl. Salomon-Inseln;Bougainville;;;;;X
AREA_BOURGOGNE_CHAMPAGNE;Bourgogne-Champagne;Bourgogne-Champagne;Bourgogne-Champagne;Borgoña-Champagne;Bourgogne/Champagne;Burgundia-Szampania;;;;;X
AREA_BRANDENBURG;Brandenburg;Brandebourg;Brandeburgo;Brandeburgo;Brandenburg/Pommern;Brandenburgia;;;;;X
AREA_BRASILIA;Brasilia;Brasilia;Brasilia;Brasilia;Brasilien;Brasilia;;;;;X
AREA_BREST_LITOVSK;Brest Litovsk;Brest-Litovsk;Brest Litovsk;Brest-Litovsk;Brest-Litovsk;Brzeœæ Litewski;;;;;X
AREA_BRISBANE;Brisbane;Brisbane;Brisbane;Brisbane;Brisbane;Brisbane;;;;;X
AREA_BRITISH_COLUMBIA;British Columbia;Colombie britannique;British Columbia;Columbia Británica;British Columbia;Kolumbia Brytyjska;;;;;X
AREA_BRITTANY;Brittany;Bretagne;Brittany;Bretaña;Bretagne;Bretania;;;;;X
AREA_BULGARIA;Bulgaria;Bulgarie;Bulgaria;Bulgaria;Bulgarien;Bu³garia;;;;;X
AREA_BURMA;South Burma;Birmanie;Birmania;Birmania;Südburma;Birma;;;;;X
AREA_CAIRNS;Cairns;Cairns;Cairns;Cairns;Cairns;Cairns;;;;;X
AREA_CALIFORNIA;California;Californie;California;California;Kalifornien;Kalifornia;;;;;X
AREA_CAMEROONIAN_JUNGLE;Cameroonian Jungle;Jungle camerounaise;Giungla del Camerun;Selva camerunesa;Dschungel von Kamerun;D¿ungla Kameruñska;;;;;X
AREA_CANARIAS;Canarias;Canaries;Canarie;Canarias;Kanarische Inseln;Wyspy Kanaryjskie;;;;;X
AREA_CANTABRIC_CHAIN;Cantabric Chain;Dorsale Cantabrique;Catena Cantabrica;Cordillera Cantábrica;Kantabrisches Gebirge;Góry Kantabryjskie;;;;;X
AREA_CAP_VERDE_ISLANDS;Cap Verde Islands;Iles de Cap Vert;Isole di Capo Verde;Cabo Verde;Kapverdische Inseln;Wyspy Zielonego Przyl¹dka;;;;;X
AREA_CAPE;Cape;Cape;Capo;El Cabo;Kapland;Przyl¹dek Dobrej Nadziei;;;;;X
AREA_CARACAS;Caracas;Caracas;Caracas;Caracas;Caracas;Caracas;;;;;X
AREA_CAROLINESE;Carolines;Des Carolines;Carolinese;Carolinesa;Karolinen;Karoliny;;;;;X
AREA_CATALONIA;Catalonia;Catalogne;Catalogna;Cataluña;Katalonien;Katalonia;;;;;X
AREA_CELEBES;Celebes;Célèbes;Celebes;Islas Célebes;Celebes;Celebes;;;;;X
AREA_CENTRAL_AFRICA_DESERT;Central Africa Desert;Désert d’Afrique centrale;Deserto dell'Africa centrale;Desierto centroafricano;Zentralafrikanische Wüste;Pustynia Œrodkowoafrykañska;;;;;X
AREA_CENTRAL_AFRICA_PLAINS;Central Africa Plains;Plaines d’Afrique centrale;Pianure dell'Africa centrale;Llanuras centroafricanas;Zentralafrikanische Ebenen;Równiny Œrodkowoafrykañskie;;;;;X
AREA_CENTRAL_FINLAND;Central Finland;Finlande centre;Finlandia centrale;Finlandia central;Zentralfinnland;Œrodkowa Finlandia;;;;;X
AREA_CENTRAL_ITALY;Central Italy;Italie centre;Italia centrale;Italia central;Südl. Mittelitalien;Œrodkowe W³ochy;;;;;X
AREA_CENTRAL_NORWAY;Central Norway;Norvège centre;Norvegia centrale;Noruega central;Nördl. Mittelnorwegen;Œrodkowa Norwegia;;;;;X
AREA_CENTRAL_RAINFORESTS;Central Rainforests;Forêt tropicale centre;Foreste pluviali centrali;Bosques centrales;Zentrale Regenwälder;Centralne Lasy Deszczowe;;;;;X
AREA_CENTRAL_SERBIA;Central Serbia;Serbie centre;Serbia centrale;Serbia central;Zentralserbien;Œrodkowa Serbia;;;;;X
AREA_CENTRAL_SPAIN;Central Spain;Espagne centre ;Spagna centrale;España central;Zentralspanien;Œrodkowa Hiszpania;;;;;X
AREA_CENTRAL_TURKEY;Central Turkey;Turquie centre;Turchia centrale;Turquía central;Zentraltürkei;Œrodkowa Turcja;;;;;X
AREA_CHAHAR;Chahar;Chahar;Chahar;Chahar;Chahar;Chahar;;;;;X
AREA_CHIHUAHUA;Chihuahua;Chihuahua;Chihuahua;Chihuahua;Chihuahua;Chihuahua;;;;;X
AREA_CHILE;Chile;Chili;Cile;Chile;Chile;Chile;;;;;X
AREA_CHILEAN_ARCHIPELAGO;Chilean Archipelago;Archipel chilien;Arcipelago cileno;Archipiélago chileno;Chilenisches Archipel;Wyspy Chilijskie;;;;;X
AREA_COLORADO;Colorado;Colorado;Colorado;Colorado;Colorado;Kolorado;;;;;X
AREA_CONNECTICUT_RHODE_ISLAND;Connecticut-Rhode Island;Connecticut-Rhode Island;Connecticut-Rhode Island;Connecticut-Rhode Island;Connecticut/Rhode Island;Connecticut-Rhode Island;;;;;X
AREA_CONTINENTAL_SPAIN;Continental Spain;Espagne continentale;Spagna continentale;España continental;Kontinental-Spanien;Hiszpania Kontynentalna;;;;;X
AREA_COSTA_DEL_SOL;Costa del Sol;Costa del Sol;Costa del Sol;Costa del Sol;Costa del Sol;Costa del Sol;;;;;X
AREA_CROATIA;Croatia;Croatie;Croazia;Croacia;Kroatien;Chorwacja;;;;;X
AREA_CUBA;Cuba;Cuba;Cuba;Cuba;Kuba;Kuba;;;;;X
AREA_DANAKIL_PLATEAU;Danakil Plateau;Plateau de Danakil;Altopiano di Danakil;Llanura de Danakil;Danakil-Plateau;Danakil;;;;;X
AREA_DARWIN;Darwin;Darwin;Darwin;Darwin;Darwin;Darwin;;;;;X
AREA_DECCAR;Deccar;Deccar;Deccar;Deccar;Dekkan;Deccar;;;;;X
AREA_DELHI;Delhi;Delhi;Deli;Delhi;Delhi;Delhi;;;;;X
AREA_DELTA;Delta;Delta;Delta;Delta;Nildelta;Delta;;;;;X
AREA_DENMARK;Denmark;Danemark;Danimarca;Dinamarca;Dänemark;Dania;;;;;X
AREA_DIEGO_GARCIA_ISLAND;Diego Garcia Island;Ile de Diego Garcia;Isola di Diego Garcia;Isla de Diego García;Insel Diego Garcia;Wyspy Diego Garcii;;;;;X
AREA_DNEPROPRETOVSK;Dnepropretovsk;Dniepropetrvsk;Dnepropretovsk;Dniepropretovsk;Dnepropretovsk;Dniepropietrowsk;;;;;X
AREA_EAST_ANDALUCIA;East Andalucia;Andalousie orientale;Andalusia orientale;Andalucía oriental;Ostandalusien;Wschodnia Andaluzja;;;;;X
AREA_EAST_ATLAS;East Atlas;Atlas oriental ;Atlas orientale;Atlas orientales;Östl. Atlas;Wschodni Atlas;;;;;X
AREA_EAST_ENGLAND;East England;Angleterre Est;Inghilterra orientale;Inglaterra oriental;Ostengland;Wschodnia Anglia;;;;;X
AREA_EAST_JAVA;East Java;Java oriental ;Giava orientale;Java oriental;Ostjava;Wschodnia Jawa;;;;;X
AREA_EAST_PERSIA;East Persia;Perse orientale;Persia orientale;Persia oriental;Ostpersien;Wschodnia Persja;;;;;X
AREA_EAST_PRUSSIA;East Prussia;Prusse orientale;Prussia orientale;Prusia oriental;Ostpreußen;Wschodnie Prusy;;;;;X
AREA_EAST_SERBIA;East Serbia;Serbie orientale;Serbia orientale;Serbia oriental;Ostserbien;Wschodnia Serbia;;;;;X
AREA_EASTERN_ANATOLIA;Eastern Anatolia;Anatolie orientale;Anatolia orientale;Anatolia oriental;Östliches Anatolien;Wschodnia Anatolia;;;;;X
AREA_EASTERN_GHAT;Eastern Ghat;Ghat oriental;Ghat orientale;Ghat oriental;Ostghats;Wschodni Ghat;;;;;X
AREA_EASTERN_HUNGARY;Eastern Hungary;Hongrie orientale;Ungheria orientale;Hungría oriental;Ostungarn;Wschodnie Wêgry;;;;;X
AREA_EGYPTIAN_COAST;Egyptian Coast;Côte égyptienne;Costa egiziana;Costa de Egipto;Küste von Ägypten;Wybrze¿e Egiptu;;;;;X
AREA_EIRE;Eire;Irlande;Eire;Irlanda;Irland;Irlandia Pó³nocna;;;;;X
AREA_EL_ALAMEIN;El Alamein;El Alamein;El Alamein;El Alamein;El Alamein;El Alamein;;;;;X
AREA_EL_RIF;El Rif;Le Rif;El Rif;El Rif;Er-Rif;El Rif;;;;;X
AREA_ESPIRTU_SANTO;Espirtu Santo;Espiritu Santo;Espirtu Santo;Espíritu Santo;Espirtu Santo;Espiritu Santo;;;;;X
AREA_ESTONIA;Estonia;Estonie;Estonia;Estonia;Estland;Estonia;;;;;X
AREA_ETHIOPIAN_HIGHLAND;Ethiopian Highland;Haut pays éthiopien;Altopiano etiope;Tierras Altas etíopes;Hochland von Äthiopien;Wy¿yny Etiopii;;;;;X
AREA_FIJI;Fiji;Fidji;Figi;Islas Fiji;Fidschi-Inseln;Fid¿i;;;;;X
AREA_FLANDERS;Flanders;Flandres;Fiandre;Flandes;Flandern;Flandria;;;;;X
AREA_FLORES_TIMOR;Flores-Timor;Flores-Timor;Flores-Timor;Flores-Timor;Flores/Timor;Flores-Timor;;;;;X
AREA_FLORIDA;Florida;Floride;Florida;Florida;Florida;Floryda;;;;;X
AREA_FUJIAN;Fujian;Fujian;Fujian;Fujian;Fujian;Fujian;;;;;X
AREA_GABES;Gabes;Gabès;Tunisia;Gabes;Gabes;Gabes;;;;;X
AREA_GANSU;Gansu;Gansu;Gansu;Gansu;Gansu;Gansu;;;;;X
AREA_GEORGIA;Georgia;Géorgie;Georgia;Georgia;Georgia;Georgia;;;;;X
AREA_GEORGIEN;Georgia;Géorgie;Georgia;Georgia;Georgien;Georgia;;;;;X
AREA_GOETALAND;Goetaland;Götaland;Goetaland;Gotland;Götaland;Gotlandia;;;;;X
AREA_GOLD_COAST;Gold Coast;République du Ghana;Costa d'Oro;Costa de Oro;Goldküste;Z³ote Wybrze¿e;;;;;X
AREA_GREEK_ISLAND;Greek Island;Ile grecque;Isola di Grecia;Archipiélago de Grecia;Griechische Insel;Grecja;;;;;X
AREA_GRODNO;Grodno;Grodno;Grodno;Grodno;Grodno;Grodno;;;;;X
AREA_GUADALCANAL;South Solomons;Guadalcanal;Guadalcanal;Guadalcanal;Guadalcanal;Guadalcanal;;;;;X
AREA_GUANGDONG;Guangdong;Guangdong;Guangdong;Guangdong;Guangdong;Guangdong;;;;;X
AREA_GUANGXI;Guangxi;Guangxi;Guangxi;Guangxi;Guangxi;Kwangsi-Czuang;;;;;X
AREA_GUAYANA;Guayana;Guyane;Guiana;Guayana;Guayana;Gujana;;;;;X
AREA_GUINEAN_COAST;Guinean Coast;Côte de la Guinée;Costa della Guinea;Costa de Guinea;Küste von Guinea;Wybrze¿e Gwinei;;;;;X
AREA_GUIZHOU;Guizhou;Guizhou;Guizhou;Guizhou;Guizhou;Kuejczou;;;;;X
AREA_GULF_OF_LYON;Gulf of Lyon;Golfe de Lyon;Golfo di Lione;Golfo de León;Golf von Lyon;Zatoka Lwia;;;;;X
AREA_HANNOVER_MAGDEBURG;Hannover;Hanovre;Hannover;Hannover;Hannover;Hanower;;;;;X
AREA_HAWAII;Hawaii;Hawaï;Hawaii;Hawai;Hawaii-Inseln;Hawaje;;;;;X
AREA_HEBEI;Hebei;Hebei;Hebei;Hebei;Hebei;Hopej;;;;;X
AREA_HEDJAZ;Hedjaz;Hedjaz;Hedjaz;Hedjaz;Hedjaz;Al-Hid¿az;;;;;X
AREA_HEILONGJIANG;Heilongjiang;Heilongjiang;Heilongjiang;Heilongjiang;Heilongjiang;Hejlungciang;;;;;X
AREA_HENAN;Henan;Hénan;Henan;Henan;Henan;Honan;;;;;X
AREA_HESSEN;Hessen;Hesse;Hessen;Hesse;Hessen;Hesja;;;;;X
AREA_HIMALAYAS;Himalayas;Himalaya;Himalaya;Himalaya;Himalaya;Himalaje;;;;;X
AREA_HISPANIOLA;Hispaniola;Hispaniola;Hispaniola;La Española;Hispaniola;Haiti;;;;;X
AREA_HOLSTEIN_MECKLEMBURG;Mecklenburg;Mecklenburg;Mecklenburg;Mecklenburgo;Mecklenburg;Meklemburgia;;;;;X
AREA_HONSHU;Honshu;Honshu;Honshu;Honshu;Honshu;Honsiu;;;;;X
AREA_HUBEI;Hubei;Hubei;Hubei;Hubei;Hubei;Hupej;;;;;X
AREA_HUNAN;Hunan;Hunan;Hunan;Hunan;Hunan;Hunan;;;;;X
AREA_ICELAND;Iceland;Islande;Islanda;Islandia;Island;Islandia;;;;;X
AREA_IDAHO;Idaho;Idaho;Idaho;Idaho;Idaho;Idaho;;;;;X
AREA_ILLINOIS;Illinois;Illinois;Illinois;Illinois;Illinois;Ilinois;;;;;X
AREA_INDIANA;Indiana;Indiana;Indiana;Indiana;Indiana;Indiana;;;;;X
AREA_INDOCHINE;Indochine;Indochine;Indocina;Indochina;Indochina;Indochiny;;;;;X
AREA_INTERIOR_ALGERIA;Interior Algeria;Algérie intérieure;Entroterra dell'Algeria;Argelia interior;Algerisches Hinterland;Algieria Wewnêtrzna;;;;;X
AREA_INTERIOR_LIBYA;Interior Libya;Libye intérieure;Entroterra della Libia;Libia interior;Libyisches Hinterland;Libia Wewnêtrzna;;;;;X
AREA_IOWA;Iowa;Iowa;Iowa;Iowa;Iowa;Iowa;;;;;X
AREA_IQUITOS;Iquitos;Iquitos;Iquitos;Iquitos;Iquitos;Iquitos;;;;;X
AREA_IRAQ;Iraq;Irak;Iraq;Irak;Irak;Irak;;;;;X
AREA_IRKUTSK;Irkutsk;Irkoutsk;Irkutsk;Irkutsk;Irkutsk;Irkuck;;;;;X
AREA_IVORY_COAST;Ivory Coast;Côte d’Ivoire;Costa d'avorio;Costa de Marfil;Elfenbeinküste;Wybrze¿e Koœci S³oniowej;;;;;X
AREA_JIANGSU;Jiangsu;Jiangsu;Jiangsu;Jiangsu;Jiangsu;Ciangsu;;;;;X
AREA_JIANGXI;Jiangxi;Jiangxi;Jiangxi;Jiangxi;Jiangxi;Kiangsi;;;;;X
AREA_JILIN;Jilin;Jilin;Jilin;Jilin;Jilin;Cilin;;;;;X
AREA_JOHNSON_ISLAND;Johnson Island;Ile Johnson;Isola Johnson;Isla de Johnson;Johnston-Atoll;Wyspa Johnsona;;;;;X
AREA_KAMCHATKA;Kamchatka;Kamchatka;Kamchatka;Kamchatka;Kamtschatka;Kamczatka;;;;;X
AREA_KANSAS;Kansas;Kansas;Kansas;Kansas;Kansas;Kansas;;;;;X
AREA_KARELIA;Karelia;Carélie;Carelia;Carelia;Karelien;Karelia;;;;;X
AREA_KASSARINE;Kassarine;Kasserine;Kassarine;Kasserine;Kasserine;Kasserine;;;;;X
AREA_KAZAKSTAN;Kazakstan;Kazakhstan;Kazakstan;Kazajstán;Kasachstan;Kazachstan;;;;;X
AREA_KAZAN;Kazan;Kazan;Kazan;Kazán;Kazan;Kazañ;;;;;X
AREA_KENTUCKY;Kentucky;Kentucky;Kentucky;Kentucky;Kentucky;Kentucky;;;;;X
AREA_KENYA;Kenya;Kenya;Kenya;Kenia;Kenia;Kenia;;;;;X
AREA_KHABAROVSK;Khabarovsk;Khabarovsk;Khabarovsk;Jabárovsk;Chabarowsk;Chabarowsk;;;;;X
AREA_KHARKOV;Kharkov;Kharkov;Kharkov;Járkov;Charkow;Charków;;;;;X
AREA_KIEV;Kiev;Kiev;Kiev;Kíev;Kiew;Kijów;;;;;X
AREA_KIRGIZ_STEPPE;Kirgiz Steppe;Steppe de Kirghiz;Steppa di Kirgiz;Estepa de Kirguiza;Kirgisische Steppe;Step Kirgiski;;;;;X
AREA_KIRGIZISTAN;Kirgizistan;Kirghizistan;Kirgizistan;Kirguizistán;Kirgisistan;Kirgistan;;;;;X
AREA_KIROV;Kirov;Kirov;Kirov;Kírov;Kirow;Kirow;;;;;X
AREA_KONGOLESE_JUNGLE;Kongolese Jungle;Jungle congolaise;Giungla del Congo;Jungla del Congo;Kongolesischer Dschungel;D¿ungla Kongo;;;;;X
AREA_KOSTROMA;Kostroma;Kostroma;Kostroma;Kostromá;Kostroma;Kostroma;;;;;X
AREA_KRAKOW;Krakow;Cracovie;Cracovia;Cracovia;Krakau;Kraków;;;;;X
AREA_KRASNODAR;Krasnodar;Krasnodar;Krasnodar;Krasnodar;Krasnodar;Krasnodar;;;;;X
AREA_KRIM;Krim;Krim;Krim;Krim;Krim;Krym;;;;;X
AREA_KURDUFAN;Kurdufan;Kurdufan;Kurdufan;Kurdufan;Kordofan;Kordofan;;;;;X
AREA_KURSK;Kursk;Koursk;Kursk;Kursk;Kursk;Kursk;;;;;X
AREA_KUYBYSHEV;Kuybyshev;Kuibyshev;Kuybyshev;Kuybyshev;Kuibyschew;Kujbyszew;;;;;X
AREA_KYUSHU_SHIKOKU;Kyushu-Shikoku;Kyushu Shikoku;Kyushu-Shikoku;Kyushu-Shikoku;Kiuschu/Schikoku;Kiusiu-Sikoku;;;;;X
AREA_LA_PAZ;La Paz;La Paz;La Paz;La Paz;La Paz;La Paz;;;;;X
AREA_LA_PLATA;La Plata;La Plata;La Plata;La Plata;La Plata;La Plata;;;;;X
AREA_LAE;Northeast New Guinea;Lae;Lae;Lae;Lae;Lae;;;;;X
AREA_LAKE;Lake;Lac;Lago;Lago;See;Jezioro;;;;;X
AREA_LAKES;Lakes;Les Lacs;Laghi;Los Lagos;Seen;Jeziora;;;;;X
AREA_LAPLAND;Lapland;Laponie;Lapponia;Laponia;Lappland;Laponia;;;;;X
AREA_LATVIA;Latvia;Lettonie;Lettonia;Letonia;Lettland;£otwa;;;;;X
AREA_LEBANON_SYRIA;Lebanon-Syria;Liban-Syrie;Libano-Siria;Líbano-Siria;Libanon/Syrien;Liban-Syria;;;;;X
AREA_LENINGRAD;Leningrad;Leningrad;Leningrado;Leningrado;Leningrad;Leningrad;;;;;X
AREA_LEVANT;Levant;Le Levant;Levante;Levante;Levante;Bliski Wschód;;;;;X
AREA_LEYTE_ISLAND_GROUP;Eastern Philippines;Groupe des îles Leyte;Gruppo isole di Leyte;Islas de Leyte;Inselgruppe Leyte;Wyspy Leyte;;;;;X
AREA_LIAONING;Liaoning;Liaoning;Liaoning;Liaoning;Liaoning;Liaoning;;;;;X
AREA_LIGURIAN_ISLANDS;Ligurian Islands;Iles liguriennes;Isole liguri;Islas de Liguria;Ligurische Inseln;Wyspy Na Morzu Liguryjskim;;;;;X
AREA_LIMA;Lima;Lima;Lima;Lima;Lima;Lima;;;;;X
AREA_LIMOUSIN_AUVERGNE;Limousin-Auvergne;Limousin-Auvergne;Limousin-Auvergne;Lemosín-Auvernia;Limousin/Auvergne;Owernia-Limuzyna;;;;;X
AREA_LITHUANIA;Lithuania;Lituanie;Lituania;Lituania;Litauen;Litwa;;;;;X
AREA_LOIRE;Loire;Loire;Loira;Loira;Loire;Loara;;;;;X
AREA_LORRAINE_ALSACE;Lorraine-Alsace;Lorraine-Alsace;Alsazia-Lorena;Alsacia-Lorena;Elsass-Lothringen;Alzacja-Lotaryngia;;;;;X
AREA_LOUISIANA;Louisiana;Louisiane;Louisiana;Louisiana;Louisiana;Luizjana;;;;;X
AREA_LOWER_ARGENTINE;Lower Argentine;Basse-Argentine;Argentina inferiore;Argentina inferior;Niederargentinien;Dolna Argentyna;;;;;X
AREA_LOWER_CALIFORNIA;Lower California;Basse-Californie;California bassa;Baja California;Niederkalifornien;Dolna Kalifornia;;;;;X
AREA_LUZON;Luzon;Luçon;Luzon;Luzón;Luzon;Luzon;;;;;X
AREA_LVOV;Lvov;Lvov;Lvov;Lvov;Lvov;Lwów;;;;;X
AREA_MADAGASCAR;Madagascar;Madagascar;Madagascar;Madagascar;Madagaskar;Madagaskar;;;;;X
AREA_MAGADAN;Magadan;Magadan;Magadan;Magadan;Magadan;Magadan;;;;;X
AREA_MAGDALENA;Magdalena;Magdalena;Maddalena;Magdalena;Maddalena;Magdalena;;;;;X
AREA_MAGHREB_COAST;Maghreb Coast;Côte du Maghreb;Costa del Magreb;Costa del Magreb;Küste von Maghreb;Wybrze¿e Maghrebu;;;;;X
AREA_MAINE;Maine;Maine;Maine;Maine;Maine;Maine;;;;;X
AREA_MALACKA;Malacka;Malacca;Malacca;Malaca;Malakka;Malakka;;;;;X
AREA_MALIAN_DESERT;Malian Desert;Désert malien;Deserto del Mali;Desierto de Malí;Malische Wüste;Pustynia Malijska;;;;;X
AREA_MALIAN_VALLEYS;Malian Valleys;Vallées maliennes;Valli di Mali;Valles de Malí;Malische Täler;Doliny Malijskie;;;;;X
AREA_MANAUS;Manaus;Manaus;Manaus;Manaos;Manaus;Manaus;;;;;X
AREA_MANITOBA;Manitoba;Manitoba;Manitoba;Manitoba;Manitoba;Manitoba;;;;;X
AREA_MARACAIBO;Maracaibo;Maracaibo;Maracaibo;Maracaibo;Maracaibo;Maracaibo;;;;;X
AREA_MARCUS_WAKE;Marcus-Wake;Marcus-Wake;Marcus-Wake;Marcus-Wake;Marcusinsel/Wake-Atoll;Marcus-Wake;;;;;X
AREA_MARSHALLS;Marshalls;Iles Marshall;Marshalls;Las Marshall;Marshall-Inseln;Wyspy Marshalla;;;;;X
AREA_MARYLAND_DELAWARE;Maryland-Delaware;Maryland-Delaware;Maryland-Delaware;Maryland-Delaware;Maryland/Delaware;Delaware-Maryland;;;;;X
AREA_MASSACHUSSETS;Massachussets;Massachusetts;Massachussets;Massachussets;Massachussets;Massachussets;;;;;X
AREA_MATO_GROSSO;Mato Grosso;Mato Grosso;Mato Grosso;Mato Grosso;Mato Grosso;Mato Grosso;;;;;X
AREA_MAURETANIA;Mauretania;Mauritanie;Mauritania;Mauritania;Mauretanien;Mauretania;;;;;X
AREA_MELBOURNE;Melbourne;Melbourne;Melbourne;Melbourne;Melbourne;Melbourne;;;;;X
AREA_MELKOSOPOTJNIK;Melkosopotjnik;Melkosopotjnik;Melkosopotjnik;Melkosopotjnik;Kasachische Schwelle;Melkosopotnik;;;;;X
AREA_MEMEL;Memel;Memel;Memel;Memel;Memel;K³ajpeda;;;;;x
AREA_MEXICO_CITY;Mexico City;Mexico;Città del Messico;Ciudad de México;Mexiko;Meksyk;;;;;X
AREA_MICHIGAN;Michigan;Michigan;Michigan;Michigan;Michigan;Michigan;;;;;X
AREA_MIDWAY;Midway;Midway;Midway;Midway;Midwayinseln;Midway;;;;;X
AREA_MINDANAO;Mindanao;Mindanao;Mindanao;Mindanao;Mindanao;Mindanao;;;;;X
AREA_MINNESOTA;Minnesota;Minnesota;Minnesota;Minnesota;Minnesota;Minnesota;;;;;X
AREA_MINSK;Minsk;Minsk;Minsk;Minsk;Minsk;Miñsk;;;;;X
AREA_MISSISSIPPI;Mississippi;Mississippi;Mississippi;Mississippi;Mississippi;Mississippi;;;;;X
AREA_MISSOURI;Missouri;Missouri;Missouri;Missouri;Missouri;Missouri;;;;;X
AREA_MOCAMBIQUE;Mocambique;Mozambique;Mozambico;Mozambique;Mosambik;Mozambik;;;;;X
AREA_MOLUCKS;Molucks;Moluques;Molucche;Molucas;Molukken;Moluki;;;;;X
AREA_MONGOLIA;Mongolia;Mongolie;Mongolia;Mongolia;Mongolei;Mongolia;;;;;X
AREA_MONTANA;Montana;Montana;Montana;Montana;Montana;Montana;;;;;X
AREA_MOROCCO;Morocco;Maroc;Marocco;Marruecos;Marokko;Maroko;;;;;X
AREA_MOSCOW;Moscow;Moscou;Mosca;Moscú;Moskau;Moskwa;;;;;X
AREA_NAGPUR;Nagpur;Nagpur;Nagpur;Nâgpur;Nagpur;Nagpur;;;;;X
AREA_NAMBIA;Nambia;Namibie;Nambia;Namibia;Namibia;Namibia;;;;;X
AREA_NAURU;Nauru;Nauru;Nauru;Nauru;Nauru;Nauru;;;;;X
AREA_NEBRASKA;Nebraska;Nebraska;Nebraska;Nebraska;Nebraska;Nebraska;;;;;X
AREA_NEDRE_NORRLAND;Nedre Norrland;Nedre Norrland;Nedre Norrland;Norrland meridional;Niedernorrland;Nedre-Norrland;;;;;X
AREA_NETHERLANDS;Netherlands;Pays-Bas;Paesi Bassi;Países Bajos;Niederlande;Holandia;;;;;X
AREA_NEVADA;Nevada;Nevada;Nevada;Nevada;Nevada;Nevada;;;;;X
AREA_NEW_BRUNSWICK;New Brunswick;Nouveau-Brunswick;New Brunswick;New Brunswick;Neubraunschweig;Nowy Brunszwik;;;;;X
AREA_NEW_FOUNDLAND;Newfoundland;Terre-neuve;New Foundland;Terranova y Labrador;Neufundland;Nowa Funlandia;;;;;X
AREA_NEW_HAMPSHIRE;New Hampshire;New Hampshire;New Hampshire;New Hampshire;New Hampshire;New Hampshire;;;;;X
AREA_NEW_JERSEY;New Jersey;New Jersey;New Jersey;Nueva Jersey;New Jersey;New Jersey;;;;;X
AREA_NEW_MEXICO;New Mexico;Nouveau Mexique;Nuovo Messico;Nuevo México;Neu Mexiko;Nowy Meksyk;;;;;X
AREA_NEW_YORK;New York;New York;New York;Nueva York;New York;Nowy Jork;;;;;X
AREA_NEW_ZEALAND;New Zealand;Nouvelle-Zélande;Nuova Zelanda;Nueva Zelanda;Neuseeland;Nowa Zelandia;;;;;X
AREA_NIASSA;Niassa;Nyassa;Niassa;Niassa;Niassa;Niassa;;;;;X
AREA_NICARAGUA;Nicaragua;Nicaragua;Nicaragua;Nicaragua;Nikaragua;Nikaragua;;;;;X
AREA_NIGER;Niger;Niger;Nigeria;Níger;Niger;Niger;;;;;X
AREA_NILE_VALLEY;Nile Valley;Vallée du Nil;Valle del Nilo;Valle del Nilo;Niltal;Dolina Nilu;;;;;X
AREA_NIZHNIJ_NOVGOROD;Gorkij;Nizhnij Novgorod;Nizhnij Novgorod;Nizni Nóvgorod;Nizhnij Nowgorod;Ni¿nyj Nowogród;;;;;X
AREA_NORMANDY;Normandy;Normandie;Normandia;Normandía;Normandie;Normandia;;;;;X
AREA_NORTH_BORNEO;North Borneo;Bornéo septentrional;Borneo settentrionale;Borneo septentrional;Nordborneo;Pó³nocne Borneo;;;;;X
AREA_NORTH_CAROLINA;North Carolina;Caroline du Nord;Nord Carolina;Carolina del Norte;Nord Carolina;Karolina Pó³nocna;;;;;X
AREA_NORTH_DAKOTA;North Dakota;Dakota du Nord;Nord Dakota;Dakota del Norte;Nord-Dakota;Pó³nocna Dakota;;;;;X
AREA_NORTH_ENGLAND;North England;Nord de l’Angleterre;Inghilterra settentrionale;Inglaterra septentrional;Nordengland;Pó³nocna Anglia;;;;;X
AREA_NORTH_ETHIOPIA;North Ethiopia;Éthiopie septentrionale;Etiopia settentrionale;Etiopía septentrional;Nordäthiopien;Pó³nocna Etiopia;;;;;X
AREA_NORTH_GILBERTS;Gilberts;Iles Gilbert septentrionales;Gilberti settentrionale;Islas Gilbert del norte;Nördl. Gilbertinseln;Pó³nocne Wyspy Gilberta;;;;;X
AREA_NORTH_IRELAND;Northern Ireland;Irlande du Nord;Irlanda settentrionale;Irlanda del Norte;Nordirland;Irlandia Pó³nocna;;;;;X
AREA_NORTH_ITALY;North Italy;Italie septentrionale;Italia settentrionale;Italia septentrional;Norditalien;Pó³nocne W³ochy;;;;;X
AREA_NORTH_KRASNOYARSK;North Krasnoyarsk;Krasnoïarsk septentrional;Krasnoyarsk settentrionale;Krasnoyarsk septentrional;Nord Krasnoyarsk;Pó³nocny Krasnojarsk;;;;;X
AREA_NORTH_MARIANES;Marianas;Iles Mariannes septentrionales;Mariane settentrionali;Marianas del norte;Nord-Mariannen;Pó³nocne Mariany;;;;;X
AREA_NORTH_NIGERIA;North Nigeria;Nigeria septentrional;Nigeria settentrionale;Nigeria septentrional;Nordnigeria;Pó³nocna Nigeria;;;;;X
AREA_NORTH_PERSIA;North Persia;Perse septentrionale;Persia settentrionale;Persia septentrional;Nordpersien;Pó³nocna Persja;;;;;X
AREA_NORTH_RHODESIA;North Rhodesia;Rhodésie septentrionale;Rodesia settentrionale;Rhodesia del Norte;Nordrhodesien;Pó³nocna Rodezja;;;;;X
AREA_NORTH_ROMANIA;North Romania;Nord de la Roumanie;Romania settentrionale;Rumania septentrional;Nordrumänien;Pó³nocna Rumunia;;;;;X
AREA_NORTH_SCOTLAND;North Scotland;Nord de l’Écosse;Scozia settentrionale;Escocia septentrional;Nordschottland;Pó³nocna Szkocja;;;;;X
AREA_NORTHERN_NORWAY;Northern Norway;Norvège septentrionale;Norvegia settentrionale;Noruega septentrional;Nordnorwegen;Pó³nocna Norwegia;;;;;X
AREA_NORTHWEST_TERRITORIES;Eastern Northwest Territories;Territoires Nord-ouest;Territori di nord-ovest;Territorios noroccidentales;Nordwest-Territorien;Terytoria Pó³nocno-Zachodnie;;;;;X
AREA_NOVA_SCOTIA;Nova Scotia;Nova Scotia;Nuova Scozia;Nueva Escocia;Neuschottland;Nowa Szkocja;;;;;X
AREA_NOVGOROD;Novgorod;Novgorod;Novgorod;Nóvgorod;Nowgorod;Nowogród;;;;;X
AREA_NOVOSIBIRSK;Novosibirsk;Novossibirsk;Novosibirsk;Novosibirsk;Novosibirsk;Nowosybirsk;;;;;X
AREA_NUBIAN_DESERT;Nubian Desert;Désert de Nubie;Deserto nubiano;Desierto de Nubia;Nubische Wüste;Pustynia Nubijska;;;;;X
AREA_ODESSA;Odessa;Odessa;Odessa;Odesa;Odessa;Odessa;;;;;X
AREA_OESTERBOTTEN;Oesterbotten;Oesterbotten;Oesterbotten;Oesterbotten;Österbotten;Oesterbotten;;;;;X
AREA_OESTRA_SVEALAND;Oestra Svealand;Oestra Svealand;Oestra Svealand;Svealand oriental;Ostsvealand;Wschodni Svealand;;;;;X
AREA_OEVRE_NORRLAND;Oevre Norrland;Oevre Norrland;Oevre Norrland;Norrland septentrional;Obernorrland;Oevre Norrland;;;;;X
AREA_OHIO;Ohio;Ohio;Ohio;Ohio;Ohio;Ohio;;;;;X
AREA_OKLAHOMA;Oklahoma;Oklahoma;Oklahoma;Oklahoma;Oklahoma;Oklahoma;;;;;X
AREA_OMSK;Omsk;Omsk;Omsk;Omsk;Omsk;Omsk;;;;;X
AREA_ONTARIO;Ontario;Ontario;Ontario;Ontario;Ontario;Ontario;;;;;X
AREA_ORAN;Oran;Oran;Oran;Orán;Oran;Oran;;;;;X
AREA_OREGON;Oregon;Oregon;Oregon;Oregón;Oregon;Oregon;;;;;X
AREA_ORISSA;Orissa;Orissa;Orissa;Orissa;Orissa;Oryssa;;;;;X
AREA_PAKISTAN;Pakistan;Pakistan;Pakistan;Pakistán;Pakistan;Pakistan;;;;;X
AREA_PALAWAN_MINDORO;Western Philippines;Palawan-Mindoro;Palawan-Mindoro;Palawan-Mindoro;Palawan/Mindoro;Palawan-Mindoro;;;;;X
AREA_PALESTINE;Palestine;Palestine;Palestina;Palestina;Palästina;Palestyna;;;;;X
AREA_PANAMAN_RIDGE;Panaman Ridge;Chaîne panaméenne;Dorsale di Panama;Sierra de Panamá;Panamesisches Gebirge;Grzbiet Panamski;;;;;X
AREA_PARIS;Paris;Paris;Parigi;París;Paris;Pary¿;;;;;X
AREA_PAS_DE_CALAIS;Pas de Calais;Pas de Calais;Passo di Calais;Pas de Calais;Pas-de-Calais;Pas de Calais;;;;;X
AREA_PENNSYLVANIA;Pennsylvania;Pennsylvanie;Pennsylvania;Pennsylvania;Pennsylvanien;Pensylwania;;;;;X
AREA_PENZA;Penza;Penza;Penza;Penza;Penza;Penza;;;;;X
AREA_PERM;Perm;Perm;Perm;Perm;Perm;Perm;;;;;X
AREA_PERSIAN_GULF_COAST;Persian Gulf Coast;Côte du Golfe persique;Costa del golfo Persico;Costa del Golfo Pérsico;Küste des Persischen Golfs;Wybrze¿e Zatoki Perskiej;;;;;X
AREA_PERTH;Perth;Perth;Perth;Perth;Perth;Perth;;;;;X
AREA_PHOENIX;Phoenix;Phœnix;Phoenix;Phoenix;Phoenix;Phoenix;;;;;X
AREA_POLOTSK;Polotsk;Polotski;Polotsk;Polotsk;Polozk;Po³ock;;;;;X
AREA_POLYNESIA;Polynesia;Polynésie;Polinesia;La Polinesia;Gesellschaftsinseln;Polinezja;;;;;X
AREA_PORT_MORESBY;Papua;Port Moresby;Port Moresby;Port Moresby;Port Moresby;Port Moresby;;;;;X
AREA_PORTUGAL;Portugal;Portugal;Portogallo;Portugal;Portugal;Portugalia;;;;;X
AREA_POZNAN;Poznan;Poznan;Poznan;Poznañ;Posen;Poznañ;;;;;X
AREA_PRIMORSKI;Primorski;Primorski;Primorski;Primorsk;Primorski;Kraj Przymorski;;;;;X
AREA_PSKOV;Pskov;Pskov;Pskov;Pskov;Pleskau;Psków;;;;;X
AREA_PYONGYANG;North Korea;Pyongyang;Pyongyang;Pyongyang;Pyongyang;Phenian;;;;;X
AREA_PYRENEES_LANGUEDOC;Pyrenees-Languedoc;Pyrénées-Languedoc;Pirenei-Languedoc;Pirineos-Languedoc;Pyrenäen/Languedoc;Pireneje-Langwedocja;;;;;X
AREA_QATTARA;Qattara;Qattara;Qattara;Qattara;Katarra;Al-Katarra;;;;;X
AREA_QINGHAI;Qinghai;Qinghai;Qinghai;Qinghai;Qinghai;Cinghaj;;;;;X
AREA_QUEBEC;Quebec;Québec;Quebec;Québec;Quebec;Quebec;;;;;X
AREA_QUITO;Quito;Quito;Quito;Quito;Quito;Quito;;;;;X
AREA_RABAUL;New Britain;Rabaul;Rabaul;Rabaul;Rabaul;Rabaul;;;;;X
AREA_RAJASTAN;Rajastan;Rajasthan;Rajastan;Rajastán;Rajastan;Rajastan;;;;;X
AREA_RED_SEA_COAST;Red Sea Coast;Côte de la Mer Rouge;Costa del mar Rosso;Costa del Mar Rojo;Küste des Rotes Meers;Wybrze¿e Morza Czerwonego;;;;;X
AREA_REHE;Rehe;Rehe;Rehe;Rehe;Rehe;Rehe;;;;;X
AREA_RESERVOIRE_RYBINSK;Reservoire Rybinsk;Réservoir de Rybinsk;Reservoire Rybinsk;Embalse de Ríbinsk;Rybinsker Reservoir;Zbiornik Rybiñsk;;;;;X
AREA_RIO_DE_JANEIRO;Rio de Janeiro;Rio de Janeiro;Rio de Janeiro;Río de Janeiro;Rio de Janeiro;Rio de Janeiro;;;;;X
AREA_RIO_DE_ORO;Rio de Oro;Rio de Oro;Rio de Oro;Río de Oro;Rio de Oro;Rio de Oro;;;;;X
AREA_ROGACHEV;Rogachev;Rogachev;Rogachev;Rogachev;Rogachev;Rogaczew;;;;;X
AREA_ROSTOV;Rostov;Rostov;Rostov;Rostov;Rostov;Rostów;;;;;X
AREA_RYAZAN;Ryazan;Riazan;Ryazan;Riazán;Ryazan;Rjazañ;;;;;X
AREA_SACHSEN;Sachsen;Sachsen;Sachsen;Sajonia;Sachsen;Saksonia;;;;;X
AREA_SAKHALIN_KURILES;Sakhalin-Kuriles;Sakhaline-Kouriles;Sakhalin-Kurili;Sajalín-Kuriles;Sakhalin/Kurilen;Sachalin-Kuryle;;;;;X
AREA_SAMOA;Samoa;Samoa;Samoa;Samoa;Samoa-Inseln;Samoa;;;;;X
AREA_SAO_PAULO;Sao Paulo;Sao Paulo;San Paulo;Sao Paulo;Sao Paulo;Sao Paulo;;;;;X
AREA_SARANSK;Saransk;Saransk;Saransk;Saransk;Saransk;Sarañsk;;;;;X
AREA_SARMI;Sarmi;Sarmi;Sarmi;Sarmi;Sarmi;Sarmi;;;;;X
AREA_SASKATCHEWAN;Saskatchewan;Saskatchewan;Saskatchewan;Saskatchewan;Saskatchewan;Saskatchewan;;;;;X
AREA_SENEGAMBIA;Senegambia;Sénégambie;Senegambia;Senegambia;Senegambia;Senegambia;;;;;X
AREA_SENJAVIN;Senjavin;Senjavin;Senjavin;Senjavin;Senjawininseln;Seniawin;;;;;X
AREA_SEOUL;South Korea;Séoul;Seul;Seúl;Seoul;Seul;;;;;X
AREA_SHABA;Shaba;Shaba;Shaba;El Shaba;Katanga;Szaba;;;;;X
AREA_SHANDONG;Shandong;Shandong;Shandong;Shandong;Shandong;Szantung;;;;;X
AREA_SHANXI;Shanxi;Shanxi;Shanxi;Shansi;Shanxi;Szansi;;;;;X
AREA_SHAANXI;Shaanxi;Shaanxi;Shaanxi;Shaanxi;Shaanxi;Szensi;;;;;X
AREA_SIAM;Siam;Siam;Siam;Siam;Siam;Syjam;;;;;X
AREA_SICHUAN;Sichuan;Sichuan;Sichuan;Sichuan;Sichuan;Syczuan;;;;;X
AREA_SICILIAN_GAP;Sicilian Gap;Détroit de Sicile;Can. di Sicilia;Estrecho de Messina;Sizilischer Raum ;Cieœninia Sycylijska;;;;;X
AREA_SIDI_BARRANI;Sidi Barrani;Sidi Barrani;Sidi Barrani;Sïdï Barrani;Sidi Barrani;Sidi Barrani;;;;;X
AREA_SIRTE;Sirte;Syrte;Sirte;Sirte;Syrte;Sirte;;;;;X
AREA_SLAVE_COAST;Slave Coast;Côte slave;Costa slava;Costa de los Esclavos;Sklavenküste;Wybrze¿e Niewolnicze;;;;;X
AREA_SLOVAKIA;Slovakia;Slovaquie;Slovacchia;Eslovaquia;Slowakei;S³owacja;;;;;X
AREA_SMOLENSK;Smolensk;Smolensk;Smolensk;Smolensk;Smolensk;Smoleñsk;;;;;X
AREA_SOMALIA;Somalia;Somalie;Somalia;Somalia;Somalia;Somalia;;;;;X
AREA_SOMALILAND;Somaliland;Somaliland;Somalia;Somalilandia;Somaliland;Somaliland;;;;;X
AREA_SOUTH_BORNEO;South Borneo;Bornéo Sud;Borneo meridionale;Borneo meridional;Südborneo;Po³udniowe Borneo;;;;;X
AREA_SOUTH_CAROLINA;South Carolina;Caroline du Sud;Sud Carolina;Carolina del Sur;Süd Carolina;Karolina Po³udniowa;;;;;X
AREA_SOUTH_DAKOTA;South Dakota;Dakota du Sud;Sud Dakota;Dakota del Sur;Süd-Dakota;Po³udniowa Dakota;;;;;X
AREA_SOUTH_ETHIOPIA;South Ethiopia;Éthiopie méridionale;Etiopia meridionale;Etiopía meridional;Südäthiopien;Po³udniowa Etiopia;;;;;X
AREA_SOUTH_FINLAND;South Finland;Sud de la Finlande;Finlandia meridionale;Finlandia meridional;Südfinnland;Po³udniowa Finlandia;;;;;X
AREA_SOUTH_GILBERTS;Ellices;Iles Gilbert méridionales;Gilberti meridionale;Islas Gilbert del sur;Südl. Gilbertinseln;Po³udniowe Wyspy Gilberta;;;;;X
AREA_SOUTH_ITALY;South Italy;Italie méridionale;Italia meridionale;Italia meridional;Süditalien;Po³udniowe W³ochy;;;;;X
AREA_SOUTH_KRASNOYARSK;South Krasnoyarsk;Sud de Krasnoïarsk;Krasnoyarsk meridionale;Krasnoyarsk meridional;Süd-Krasnojarsk;Po³udniowy Krasnojarsk;;;;;X
AREA_SOUTH_NIGERIA;South Nigeria;Nigeria méridional;Nigeria meridionale;Nigeria meridional;Südnigeria;Po³udniowa Nigeria;;;;;X
AREA_SOUTH_PERSIA;South Persia;Perse méridionale;Persia meridionale;Persia meridional;Südpersien;Po³udniowa Persja;;;;;X
AREA_SOUTH_RHODESIA;South Rhodesia;Rhodésie méridionale;Rodesia meridionale;Rhodesia del Sur;Südrhodesien;Po³udniowa Rodezja;;;;;X
AREA_SOUTH_ROMANIA;South Romania;Sud de la Roumanie;Romania meridionale;Rumania meridional;Südrumänien;Po³udniowa Rumunia;;;;;X
AREA_SOUTH_SCOTLAND;South Scotland;Sud de l’Écosse;Scozia meridionale;Escocia meridional;Südschottland;Po³udniowa Szkocja;;;;;X
AREA_SOUTHCENTRAL_NORWAY;Southcentral Norway;Centre-sud Norvège;Norvegia centro-meridionale;Centro-sur de Noruega;Südl. Mittelnorwegen;Po³udniowo-œrodkowa Norwegia;;;;;X
AREA_SOUTHERN_NORWAY;Southern Norway;Norvège méridionale;Norvegia meridionale;Noruega meridional;Südnorwegen;Po³udniowa Norwegia;;;;;X
AREA_ST.HELENA;St.Helena;Sainte Hélène;St. Elena;Santa Elena;St.Helena;Wyspa Œwiêtej Heleny;;;;;X
AREA_STALINGRAD;Stalingrad;Stalingrad;Stalingrado;Stalingrado;Stalingrad;Stalingrad;;;;;X
AREA_SUEZ_CHANNEL_AREA;Suez Channel Area;Zone du Canal de Suez;Area del canale di Suez;Zona del Canal de Suez;Suezkanal-Gebiet;Rejon Kana³u Sueskiego;;;;;X
AREA_SUIYUAN_NINGXIA;Suiyuan-Ningxia;Suiyuan Ningxia;Suiyuan-Ningxia;Suiyüan-Ningxia;Suiyuan/Ningxia;Sujuan-Ningsia-Huej;;;;;X
AREA_SUMATRA;Sumatra;Sumatra;Sumatra;Sumatra;Sumatra;Sumatra;;;;;X
AREA_SUNDA_ISLANDS;Sunda Islands;Iles Sunda;Isole Sunda;Islas de Sunda;Sunda-Inseln;Wyspy Sundajskie;;;;;X
AREA_SVERDLOVSK;Sverdlovsk;Sverdlovsk;Sverdlovsk;Sverdlovsk;Swerdlowsk;Swierd³owsk;;;;;X
AREA_SWITZERLAND;Switzerland;Suisse;Svizzera;Suiza;Schweiz;Szwajcaria;;;;;X
AREA_SYDNEY;Sydney;Sydney;Sidney;Sydney;Sydney;Sydney;;;;;X
AREA_SYZRAN;Syzran;Syzran;Syzran;Sizran;Schlesien;Syzrañ;;;;;X
AREA_TADZJIKISTAN;Tadzjikistan;Tadjikistan;Tadzhikistan;Tajikistán;Tadschikistan;Tad¿ykistan;;;;;X
AREA_TAIWAN;Taiwan;Taiwan;Taiwan;Taiwán;Taiwan;Tajwan;;;;;X
AREA_TAJMYR_EVENK;Tajmyr-Evenk;Tajmyr Evenk;Tajmyr-Evenk;Tajmyr-Evenk;Taimyr/Ewenk;Tajmyr-Ewenk;;;;;X
AREA_TAMBOV;Tambov;Tambov;Tambov;Tambov;Tambow;Tambow;;;;;X
AREA_TANGANYIKA;Tanganyika;Tanganyika;Tanganyika;Tanganica;Tanganjika;Tanganika;;;;;X
AREA_TENNESSEE;Tennessee;Tennessee;Tennessee;Tennessee;Tennessee;Tennessee;;;;;X
AREA_TEXAS;Texas;Texas;Texas;Texas;Texas;Teksas;;;;;X
AREA_THE_AZORES;The Azores;Les Açores;Le Azzorre;Islas Azores;Azoren;Azory;;;;;X
AREA_THE_FALKLANDS;The Falklands;Les Malouines;Le Falkland;Islas Malvinas;Falkland-Inseln;Falklandy;;;;;X
AREA_THRACE;Thrace;Thrace;Tracia;Tracia;Thrakien;Tracja;;;;;X
AREA_TIBET;Tibet;Tibet;Tibet;Tíbet;Tibet;Tybet;;;;;X
AREA_TIERRA_DEL_FUEGO;Tierra del Fuego;Tierra del Fuego;Terra del Fuoco;Tierra del Fuego;Feuerland;Ziemia Ognista;;;;;X
AREA_TOBRUK;Tobruk;Tobrouk;Tobruk;Tobruk;Tobruk;Tobruk;;;;;X
AREA_TOHOKU;Tohoku;Tohoku;Tohoku;Tohoku;Tohoku;Tohoku;;;;;X
AREA_TOMSK;Tomsk;Tomsk;Tomsk;Tomsk;Tomsk;Tomsk;;;;;X
AREA_TRANSJORDAN;Transjordan;Transjordanie;Transjordan;Transjordania;Transjordanien;Transjordania;;;;;X
AREA_TRANSNISTRIA;Transnistria;Transnistrie;Transnistria;Trans-Dniéster;Transnistria;Transnistria;;;;;X
AREA_TRANSVAAL_NATAL;Transvaal-Natal;Transvaal Natal;Transvaal-Natal;Transvaal-Natal;Transvaal/Natal;Transwal-Natal;;;;;X
AREA_TRANSYLVANIA;Transylvania;Transylvanie;Transilvania;Transilvania;Transsilvanien;Transylwania;;;;;X
AREA_TUNIS;Tunis;Tunis;Tunisia;Túnez;Tunis;Tunis;;;;;X
AREA_TURKESTAN;Turkestan;Turkestan;Turkestan;Turkestán;Turkistan;Turkiestan;;;;;X
AREA_TURKMENISTAN;Turkmenistan;Turkménistan;Turkmenistan;Turkmenistán;Turkmenistan;Turkmenistan;;;;;X
AREA_TYUMEN;Tyumen;Tyumen;Tyumen;Tiumen;Tjumen;Tjumeñ;;;;;X
AREA_UFA;Ufa;Oufa;Ufa;Ufá;Ufa;Ufa;;;;;X
AREA_UGANDA;Uganda;Ouganda;Uganda;Uganda;Uganda;Uganda;;;;;X
AREA_UPPER_ARGENTINE;Upper Argentine;Haute Argentine;Argentina superiore;Argentina superior;Oberargentinien;Górna Argentyna;;;;;X
AREA_UPPER_NILE_VALLEY;Upper Nile Valley;Vallée haute du Nil;Valle del Nilo superiore;Valle del Alto Nilo;Oberes Niltal;Górna Dolina Nilu;;;;;X
AREA_UTAH;Utah;Utah;Utah;Utah;Utah;Utah;;;;;X
AREA_UZBEKISTAN;Uzbekistan;Ouzbékistan;Uzbekistan;Uzbekistán;Usbekistan;Uzbekistan;;;;;X
AREA_VAESTRA_SVEALAND;Vaestra Svealand;Vaestra Svealand;Vaestra Svealand;Svealand occidental;Westsvealand;Zachodni Svealand;;;;;X
AREA_VELIKIYE_LUKI;Velikiye Luki;Velikiye Luki;Velikiye Luki;Velikiie Luki;Welikije Luki;Wielkie £uki;;;;;X
AREA_VERA_CRUZ;Vera Cruz;Vera Cruz;Vera Cruz;Veracruz;Vera Cruz;Vera Cruz;;;;;X
AREA_VERMONT;Vermont;Vermont;Vermont;Vermont;Vermont;Vermont;;;;;X
AREA_VIRGINIA;Virginia;Virginie;Virginia;Virginia;Virginia;Virginia;;;;;X
AREA_VLADIMIR;Vladimir;Vladimir;Vladimir;Vladímir;Wladimir;W³odzimierz;;;;;X
AREA_VOLTA;Volta;Volta;Volta;Volta;Obervolta;Wolta;;;;;X
AREA_WALLONIA;Wallonia;Wallonie;Vallonia;Valonia;Wallonien;Walonia;;;;;X
AREA_WARSAW;Warsaw;Varsovie;Varsavia;Varsovia;Warschau;Warszawa;;;;;X
AREA_WASHINGTON;Washington;Washington;Washington;Washington;Washington;Waszyngton;;;;;X
AREA_WEST_ANDALUCIA;West Andalucia;Andalousie occidentale ;Andalusia occidentale;Andalucía occidental;Westandalusien;Zachodnia Andaluzja;;;;;X
AREA_WEST_ATLAS;West Atlas;Atlas occidental;Atlas occidentale;Atlas occidentales;Westl. Atlas;Zachodni Atlas;;;;;X
AREA_WEST_ENGLAND;West England;Ouest de l’Angleterre;Inghilterra occidentale;Inglaterra occidental;Westengland;Zachodnia Anglia;;;;;X
AREA_WEST_JAVA;West Java;Java occidental;Giava occidentale;Java occidental;Westjava;Zachodnia Jawa;;;;;X
AREA_WEST_VIRGINIA;West Virginia;Virginie occidentale;Virginia occidentale;Virginia occidental;West Virginia;Zachodnia Virginia;;;;;X
AREA_WESTERN_DESERT;Western Desert;Désert occidental;Deserto occidentale;Desierto occidental;Westliche Wüste;Pustynia Zachodnia;;;;;X
AREA_WESTERN_GHAT;Western Ghat;Ghat occidental;Ghat occidentale;Ghat occidental;Westghats;Zachodni Ghat;;;;;X
AREA_WESTERN_HUNGARY;Western Hungary;Hongrie occidentale;Ungheria occidentale;Hungría occidental;Westungarn;Zachodnie Wêgry;;;;;X
AREA_WESTPHALEN;Westfalen;Westfalen;Westfalen;Westfalia;Westfalen;Westfalia;;;;;X
AREA_WISCONSIN;Wisconsin;Wisconsin;Wisconsin;Wisconsin;Wisconsin;Wisconsin;;;;;X
AREA_WYOMING;Wyoming;Wyoming;Wyoming;Wyoming;Wyoming;Wyoming;;;;;X
AREA_XIKANG;Xikang;Xikang;Xikang;Xikang;Xikang;Sikang;;;;;X
AREA_XINJIANG;Xinjiang;Xinjiang;Xinjiang;Xinjiang;Xinjiang;Sinciang-Ujgur;;;;;X
AREA_YAKUTSK;Yakutsk;Iakutsk;Yakutsk;Yakutsk;Jakutsk;Jakuck;;;;;X
AREA_YEMENITE_MOUNTAINS;Yemenite Mountains;Monts du Yémen;Montagne dello Yemen;Montañas del Yemen;Jemeniten Berge;Góry Jemeñskie;;;;;X
AREA_YUKON;Western Northwest Territories;Yukon;Yukon;Yukón;Yukon;Jukon;;;;;X
AREA_YUNNAN;Yunnan;Yunnan;Yunnan;Yunnan;Yunnan;Junan;;;;;X
AREA_ZABAIKALYE;Zabaikalye;Zabaikalye;Zabaikalye;Zabaikalye;Transbaikalien;Zabajka³;;;;;X
AREA_ZHEJIANG;Zhejiang;Zhejiang;Zhejiang;Zhejiang;Zhejiang;Czeciang;;;;;X
#;;;;;;;;;;;x
AREA_ADRIATIC_SEA;Adriatic Sea;Mer Adriatique;Mar Adriatico;Mar Adriático;Adriatisches Meer;Morze Adriatyckie;;;;;x
AREA_AEGEAN_SEA;Aegean Sea;Mer Égée;Mar Egeo;Mar Egeo;Ägäisches Meer;Morze Egejskie;;;;;x
AREA_ALBORAN_SEA;Alboran Sea;Mer d’Alboran;Mare di Alboran;Mar de Alborán;Alboran-Meer;Morze Alborañskie;;;;;x
AREA_ALEUTIANS;Aleutians;Aléoutes;Aleutine;Aleutianas;Aleutian;Aleuty;;;;;X
AREA_ANGOLA_PLAIN;Angola Plain;Plaine angolienne;Pianura dell'Angola;Llanura de Angola;Angolabecken;Równina Angolska;;;;;X
AREA_ARAFURA_SEA;Arafura Sea;Mer d’Arafoura;Mar di Arafua;Mar de Arafura;Arafurasee;Morze Arafura;;;;;x
AREA_ARCTIC_OCEAN;Greenland Sea;Mer du Groenland;Mar di Groenlandia;Mar de Groenlandia;Europäisches Nordmeer;Morze Grenlandzkie;;;;;X
AREA_ARGENTINE_PLAIN;Argentine Plain;Plaine argentine;Piano dell'Agentina;Llanura argentina;Argentinisches Becken;Równina Argentyñska;;;;;X
AREA_ASCENSION_FRACTURE_ZONE;Ascension Fracture Zone;Zone de fracture d’Ascension;Zona di rottura ascensionale;Zona de fractura de Ascensión;Ascension-Bruchzone;Strefa Wysp Wniebowst¹pienia;;;;;X
AREA_ATLANTIC_INDIAN_RIDGE;Atlantic-Indian Ridge;Dorsale Atlantique-Indien;Dorsale atlantico-indiana;Dorsal del Atlántico-Índico;Atlantisch-Indischer Rücken;Grzbiet Arabsko-Indyjski;;;;;X
AREA_AZORES;Azores;Açores;Azzorre;Las Azores;Azoren;Azory;;;;;x
AREA_BALEARIC_SEA;Balearic Sea;Mer des Baléares;Mar delle Baleari;Mar de las Baleares;Balearisches Meer;Morze Balearskie;;;;;x
AREA_BANDA_SEA;Banda Sea;Mer de Banda;Mar di Banda;Mar de Banda;Bandasee;Morze Banda;;;;;x
AREA_BARENTS_SEA;Barents Sea;Mer de Barents;Mare di Barents;Mar de Barents;Barentssee;Morze Barentsa;;;;;x
AREA_BAY_OF_BISCAY;Bay of Biscay;Golfe de Gascogne;Golfo di Biscaglia;Golfo de Vizcaya;Golf von Biskaya;Zatoka Biskajska;;;;;x
AREA_BERMUDA_TRIANGLE;Bermuda Triangle;Triangle des Bermudes;Triangolo delle Bermuda;Triángulo de las Bermudas;Bermuda-Dreieck;Trójk¹t Bermudzki;;;;;x
AREA_BLACK_SEA;Black Sea;Mer Noire;Mar Nero;Mar Negro;Schwarzes Meer;Morze Czarne;;;;;x
AREA_BOTHNIAN_BAY;Gulf of Bothnia;Golfe de Botnie;Gorfo di Botnia;Golfo de Botnia;Bottnischer Meerbusen;Zatoka Botnicka;;;;;x
AREA_CAP_ST_VINCENT;Cap St Vincent;Cap St Vincent;Cap St. Vincent;Cabo de San Vicente;Kap St. Vincent;Saint Vincent;;;;;x
AREA_CAP_VERDE;Cap Verde ;Cap-Vert;Capo Verde ;Cabo Verde;Kap Verde;Zielony Przyl¹dek;;;;;x
AREA_CAPE_FINISTERRE;Cape Finisterre;Cap Finistère;Capo di Finisterre;Cabo Finisterre;Kap Finisterre;Przyl¹dek Finisterre;;;;;X
AREA_CAROLINES;Marshall Chain;Carolines;Coralline;Carolinas;Karolinen;Karoliny;;;;;X
AREA_CELEBES_SEA;Celebes Sea;Mer des Célèbes;Mar di Celebes;Mar de Célebes;Celebessee;Morze Celebes;;;;;x
AREA_CENTRAL_ATLANTIC;Central Atlantic;Atlantique centre;Atlantico centrale;Atlántico medio;Zentralatlantik;Œrodkowy Atlantyk;;;;;x
AREA_CENTRAL_CARRIBEAN;Central Carribean;Caraïbes centre ;Caraibi centrali;Caribe central;Mittl. Karibik;Œrodkowe Karaiby;;;;;x
AREA_CENTRAL_NORTHSEA;Central North Sea;Mer du Nord centre;Mar del Nord centrale;Centro del Mar del Norte;Zentrale Nordsee;Œrodkowe Morze Pó³nocne;;;;;x
AREA_CENTRAL_PHILIPPINE_SEA;Central Philippine Sea;Mer centrale des Philippines;Mar delle Filippine centrale;Mar de Filipinas central;Mittl. Philippinensee;Œrodkowe Morze Filipiñskie;;;;;X
AREA_COAST_OF_AFRICA;Coast of Africa;Côte de l’Afrique;Costa dell'Africa;Costa de África;Küste von Afrika;Wybrze¿e Afryki;;;;;x
AREA_COAST_OF_ANGOLA_NAMIBIA;Coast of Angola-Namibia;Côte de l’Angola-Namibie;Costa dell'Angola-Namibia;Costa de Angola-Namibia;Küste von Angola/Namibia;Wybrze¿e Angoli-Namibii;;;;;X
AREA_COAST_OF_ARGENTINA;Coast of Argentina;Côte de l’Argentine;Costa dell'Argentina;Costa de Argentina;Küste von Argentinien;Wybrze¿e Argentyny;;;;;X
AREA_COAST_OF_BISSAO;Coast of Bissao;Côte de Bissau;Costa di Bissao;Costa de Bissau;Küste von Bissao;Wybrze¿e Bissao;;;;;x
AREA_COAST_OF_BRAZIL;Coast of Brazil;Côte du Brésil;Costa del Brasile;Costa de Brasil;Küste von Brasilien;Wybrze¿e Brazylii;;;;;x
AREA_COAST_OF_BRUNEI;Coast of Brunei;Côte de Brunei;Costa del Brunei;Costa de Brunei;Küste von Brunei;Wybrze¿e Brunei;;;;;x
AREA_COAST_OF_CEYLON;Coast of Ceylon;Côte de Ceylan;Costa di Ceylon;Costa de Ceilán;Küste von Ceylon ;Wybrze¿e Cejlonu;;;;;X
AREA_COAST_OF_GUYANA;Coast of Guyana;Côte de la Guyane;Costa della Guyana;Costa de la Guyana;Küste von Guayana;Wybrze¿e Gujany;;;;;X
AREA_COAST_OF_INDOCHINA;Coast of Indochina;Côte de l’Indochine;Costa dell'Indocina;Costa de Indochina;Küste Indochinas;Wybrze¿e Indochiñskie;;;;;x
AREA_COAST_OF_JAPAN;Coast of Japan;Côte du Japon;Costa del Giappone;Costa de Japón;Küste von Japan;Wybrze¿e Japonii;;;;;x
AREA_COAST_OF_KAMCHATKA;Coast of Kamchatka;Côte de Kamchatka;Costa del Kamchatka;Costa de Kamchatka;Küste von Kamtschatka;Wybrze¿e Kamczatki;;;;;X
AREA_COAST_OF_NEW_GUINEA;Coast of New Guinea;Côte de la Nouvelle-Guinée;Costa della Nuova Guinea;Costa de Nueva Guinea;Küste von Neu Guinea;Wybrze¿e Nowej Gwinei;;;;;X
AREA_COAST_OF_RECIFE;Coast of Recife;Côte de Recife;Costa di Recife;Costa de Recife;Küste von Recife;Wybrze¿e w okolicach Recife;;;;;X
AREA_COAST_OF_SOUTH_AFRICA;Coast of South Africa;Côte d’Afrique du Sud;Costa del Sudafrica;Costa meridional de África;Küste von Südafrika;Po³udniowe Wybrze¿e Afryki;;;;;X
AREA_COAST_OF_URUGUAY;Coast of Uruguay;Côte de l’Uruguay;Costa dell'Uruguay;Costa de Uruguay;Küste von Uruguay;Wybrze¿e Urugwaju;;;;;X
AREA_DENMARK_STRAIT;Denmark Strait;Détroit du Danemark;Stretto di Danimarca;Estrecho de Dinamarca;Dänemarkstraße;Cieœniny Duñskie;;;;;x
AREA_EAST_BAY_OF_BENGAL;East Bay of Bengal;Baie orientale du Bengale;Baia del Bengala orientale;Golfo de Bengala oriental;Östl. Golf von Bengalen;Wschodnia Zatoka Bengalska;;;;;X
AREA_EAST_BERING_SEA;East Bering Sea;Mer orientale de Béring;Mar di Bering orientale;Mar de Bering oriental;Östl. Beringmeer;Wschodnie Morze Beringa;;;;;X
AREA_EAST_CORAL_SEA;East Coral Sea;Mer de Corail orientale;Mar dei Coralli orientale;Mar oriental del Coral;Östl. Korallenmeer;Wschodnie Morze Koralowe;;;;;x
AREA_EAST_COST_OF_NEW_ZEALAND;East Cost of New Zealand;Côte est de la Nouvelle-Zélande;Costa della Nuova Zelanda orientale;Costa oriental de Nueva Zelanda;Ostküste von Neuseeland;Wschodnie Wybrze¿e Nowej Zelandii;;;;;X
AREA_EAST_GREAT_AUSTRALIAN_BIGHT;East Great Australian Bight ;Grande Baie australienne orientale;Grande baia australiana orientale;Gran Bahía Australiana oriental;Östl. Große Australische Bucht;Wschodnia Wielka Zatoka Australijska;;;;;x
AREA_EAST_GULF_OF_MEXICO;East Gulf of Mexico;Golfe de Mexico Est;Golfo del Messico orientale;Golfo de México oriental;Östl. Golf von Mexiko;Wschodnia Zatoka Meksykañska;;;;;x
AREA_EAST_MARIANA_BASIN;East Mariana Basin;Bassin oriental des îles Mariannes;Bacino della Mariana orientale;Cuenca de las Marianas orientales;Östl. Marianenbecken;Wschodni Basen Mariañski;;;;;X
AREA_EAST_NORTH_SEA;East North Sea;Mer du Nord orientale;Mar del Nord orientale;Este del Mar del Norte;Östliche Nordsee;Wschodnie Morze Pó³nocne;;;;;x
AREA_EAST_SEA_OF_OKHOTSK;East Sea of Okhotsk;Mer orientale d’Okhotsk ;Mar di Okhotsk orientale;Mar de Ojotsk oriental;Östl. Ochotskisch. Meer;Wschodnie Morze Ochockie;;;;;X
AREA_EASTERN_SOLOMONS;Eastern Solomons;Iles Salomon orientales;Solomone orientali;Salomón orientales;Östliche Salomonen;Wschodnie Wyspy Salomona;;;;;x
AREA_ENGLISH_CHANNEL;English Channel;Manche;La Manica;Canal de la Mancha;Ärmelkanal;Kana³ La Manche;;;;;x
AREA_FAROES_GAP;Faroes Gap;Détroit des îles Féroé;Canale delle Faroe;Estrecho de las Feroe;Island-Färoer-Rücken;Cieœnina Owcza ;;;;;x
AREA_FIJI_BASIN;Fiji Basin;Bassin des îles Fiji;Bacino delle Figi;Cuenca de las Fiji;Fidschi-Becken;Basen Fid¿i;;;;;X
AREA_FLORES_SEA;Flores Sea;Mer de Flores;Mar di Flores;Mar de las Flores;Floressee;Morze Flores;;;;;x
AREA_FLORIDA_STRAIT;Florida Strait;Détroit de Floride;Stretto della Florida;Estrecho de Florida;Florida-Straße;Cieœnina Florydzka;;;;;x
AREA_GILBERTS;Gilberts;Iles Gilbert;Gilberti;Islas Gilbert;Gilbertinseln;Wyspy Gilberta;;;;;X
AREA_GREENLAND_COAST;Greenland Coast;Côte du Groenland;Costa della Groenlandia;Costa de Groenlandia;Küste von Grönland;Wybrze¿e Grenlandii;;;;;x
AREA_GULF_OF_ALASKA;Gulf of Alaska;Golfe de l’Alaska;Golfo di Alaska;Golfo de Alaska;Golf von Alaska;Zatoka Alaska;;;;;X
AREA_GULF_OF_GUINEA;Gulf of Guinea;Golfe de Guinée;Golfo di Guinea;Golfo de Guinea;Golf von Guinea;Zatoka Gwinejska;;;;;x
AREA_GULF_OF_SIAM;Gulf of Siam;Golfe de Siam;Golfo di Siam;Golfo de Siam;Golf von Siam;Zatoka Syjamska;;;;;x
AREA_HAWAIIAN_RISE;Hawaiian Rise;Côte hawaïenne;Promontorio delle Hawaii;Farallón de Hawai;Hawaiirücken;Grzbiet Hawajski;;;;;X
AREA_HEBREIDES;The Hebrides;Les Hébrides;Le Ebridi;Las Hébridas;Hebriden;Hebrydy;;;;;X
AREA_HORN_OF_AFRICA;Horn of Africa;Corne de l’Afrique;Corno d'Africa;Cuerno de África;Horn von Afrika;Przyl¹dek Horn;;;;;x
AREA_HUDSON_BAY;Hudson Bay;Baie d’Hudson;Baia di Hudson;Bahía de Hudson;Hudson Bay;Zatoka Hudsona;;;;;x
AREA_IONIAN_SEA;Ionian Sea;Mer Ionienne;Mar Ionio;Mar Jónico;Ionisches Meer;Morze Joñskie;;;;;x
AREA_IRISH_SEA;Irish Sea;Mer d’Irlande;Mar d'Irlanda;Mar de Irlanda;Irisches Meer;Morze Irlandzkie;;;;;x
AREA_IRISH_WEST_COAST;Irish West Coast;Côte ouest de l’Irlande;Costa occidentale irlandese;Costa occidental de Irlanda;Westküste von Irland;Zachodnie wybrze¿e Irlandii;;;;;X
AREA_JAVA_RIDGE;Java Ridge;Dorsale de Java;Dorsale di Giava;Dorsal de Java;Javarücken;Grzbiet Jawajski;;;;;x
AREA_JAVA_TRENCH;Java Trench;Fosse de Java;Fossa di Giava;Fosa de Java;Sundagraben;Rów Jawajski;;;;;X
AREA_KATTEGAT;Kattegat;Kattegat;Kattegat;Kattegat;Kattegatt;Cieœnina Kattegat;;;;;x
AREA_LINE_ISLANDS;Line Islands;Iles de Line;Isole equatoriali;Islas de Kiribati;Line-Inseln;Wyspy Line;;;;;X
AREA_LUZON_STRAIT;Luzon Strait;Détroit de Luçon;Stretto di Luzon;Estrecho de Luzón;Luzon-Straße;Cieœnina Luzon;;;;;x
AREA_MALACCA_STRAIT;Malacca Strait;Détroit de Malacca;Stretto di Malacca;Estrecho de Malaca;Malacca-Straße;Cieœnina Malakka;;;;;x
AREA_MARIANA_TRENCH;Mariana Trench;Fosse des îles Mariannes;Fossa della Marianne;Fosa de las Marianas;Marianengraben;Rów Mariañski;;;;;X
AREA_MARIANAS;Marianas;Iles Mariannes;Mariane;Las Marianas;Marianen;Mariany;;;;;x
AREA_MARSHALLS_SEA;Marshalls Sea;Iles Marshall;Marshalls;Las Marshall;Marshallsee;Wyspy Marshalla;;;;;x
AREA_MASCARENE_PLATEAU;Mascarene Plateau;Plateau de Mascarene;Altopiano delle Mascarente;Meseta mascareña;Maskarenenrücken;P³askowy¿ Maskareñski;;;;;X
AREA_MID_INDIAN_RIDGE;Mid-Indian Ridge;Dorsale médio-indienne;Dorsale medio-indiana;Dorsal del Índico medio;Zentralindischer Rücken;Grzbiet Œrodkowoindyjski;;;;;X
AREA_MID_PACIFIC_MOUNTAINS;Mid-Pacific Mountains;Monts Médio-pacifiques;Montagne del medio-Pacifico;Montañas del Pacífico medio;Zentralpazifische Berge;Wzniesienie Œrodkowopacyficzne;;;;;X
AREA_MOLUCCA_SEA;Molucca Sea;Mer des Moluques;Mar delle Molucche;Mar de las Molucas;Molukkensee;Morze Moluckie;;;;;x
AREA_NINETYEAST_RIDGE;Ninetyeast Ridge;Dorsale de Ninetyeast;Dorsale di Ninetyeast ;Dorsal del Meridiano Noventa Este;Bengalischer Rücken;Grzbiet Wschodnioindyjski;;;;;X
AREA_NORTH_ARABIAN_SEA;North Arabian Sea;Mer d’Oman septentrionale;Mar d'Arabia settentrionale;Mar Arábigo septentrional;Nördl. Arabisches Meer;Pó³nocne Morze Arabskie;;;;;X
AREA_NORTH_ATLANTIC;North Atlantic;Atlantique nord;Atlantico settentrionale;Atlántico Norte;Nördl. Nordatlantik;Pó³nocny Atlantyk;;;;;x
AREA_NORTH_BISMARCK_SEA;North Bismarck Sea;Mer de Bismarck Nord;Mar di Bismark settentrionale;Mar de Bismarck septentrional;Nordl. Bismarcksee;Pó³nocne Morze Bismarcka;;;;;x
AREA_NORTH_EAST_PACIFIC_OCEAN;North East Pacific Ocean; Océan Pacifique Nord-est;Oceano Pacifico nord-orientale;Noreste del Océano Pacífico;Nordöstl. Pazifik;Pó³nocno-wschodni Pacyfik;;;;;X
AREA_NORTH_MOZAMBIQUE_CHANNEL;North Mozambique Channel;Nord du Canal du Mozambique;Canale del Mozambico settentrionale;Canal de Mozambique septentrional;Nördl. Straße von Mosambik;Kana³ Mozambicki;;;;;X
AREA_NORTH_NORTHEAST_PACIFIC_BASIN;North Northeast Pacific Basin;Bassin du Pacifique Nord-nord-est ;Bacino del Pacifico nord-est ;Cuenca septentrional del noreste del Pacífico;Nordostpazifisches Becken;Wschodni Basen Pó³nocnopacyficzny;;;;;X
AREA_NORTH_SOUTHEAST_PACIFIC_OCEAN;North Southeast Pacific Ocean;Océan Pacifique Nord-sud-est ;Oceano Pacifico sud-orientale del nord;Norte del sureste del Pacífico;Nördl. Südostpazifik;Pó³nocna Czêœæ Po³udniowo-Wschodniego Pacyfiku;;;;;X
AREA_NORTH_TASMAN_SEA;North Tasman Sea;Mer de Tasman Nord;Mar di Tasmania settentrionale;Mar de Tasmania septentrional;Nördl. Tasmansee;Pó³nocne Morze Tasmana;;;;;x
AREA_NORTHEAST_COAST_OF_MADAGASCAR;Northeast Coast of Madagascar;Nord-est de la Côte de Madagascar;Costa del Madagascar nord-orientale;Costa noreste de Madagascar;Nordostküste von Madagaskar;Pó³nocno-wschodnie Wybrze¿e Madagaskaru;;;;;X
AREA_NORTHERN_BALTIC;Northern Baltic;Nord de la Baltique;Baltico settentrionale;Báltico norte;Nördl. Ostsee;Ba³tyk Pó³nocny;;;;;x
AREA_NORTHWEST_PACIFIC_BASIN;Northwest Pacific Basin;Bassin du Pacifique Nord-ouest ;Bacino del Pacifico nord-ovest;Cuenca del noroeste del Pacífico;Nordwestpazifisches Becken;Zachodni Basen Pó³nocnopacyficzny;;;;;X
AREA_NORWEGIAN_SEA;Norwegian Sea;Mer de Norvège;Mar di Norvegia;Mar de Noruega;Norwegisches Meer;Morze Norweskie;;;;;x
AREA_PERNANBUCO_PLAIN;Pernambuco Plain;Plaine de Pernambouco;Pianura del Pernambuco;Llanura de Pernambuco;Brasilianisches Becken;Równina Pernambuco;;;;;X
AREA_PERSIAN_GULF;Persian Gulf;Golfe persique;Golfo Persico;Golfo Pérsico;Persischer Golf;Zatoka Perska;;;;;x
AREA_PHILIPPINE_TRENCH;Philipine Trench;Fosse des Philippines;Fossa delle Filippine;Fosa de las Filipinas;Philippinen-Graben;Rów Filipiñski;;;;;x
AREA_PORTUGESE_COAST;Portugese Coast;Côte portugaise;Costa del Portogallo;Costa de Portugal;Küste von Portugal;Wybrze¿e Portugalii;;;;;x
AREA_RED_SEA;Red Sea;Mer Rouge;Mar Rosso;Mar Rojo;Rotes Meer;Morze Czerwone;;;;;x
AREA_RYUKYUS;Ryukyus;Ryukyus;Ryukyus;Ryukyu;Ryukyu-Inseln;Wyspy Riukiu;;;;;X
AREA_SEA_OF_JAPAN;Sea of Japan;Mer du Japon;Mar del Giappone;Mar del Japón;Japanisches Meer;Morze Japoñskie;;;;;x
AREA_SOLOMON_SEA;Solomon Sea;Mer de Salomon;Mar delle Salomone;Mar de las Salomón;Salomonensee;Morze Salomona;;;;;x
AREA_SOUTH_ARABIAN_SEA;South Arabian Sea;Mer d’Oman méridionale;Mar d'Arabia meridionale;Mar Arábigo meridional;Südl. Arabisches Meer;Po³udniowe Morze Arabskie;;;;;X
AREA_SOUTH_BISMARCK_SEA;South Bismarck Sea;Mer de Bismarck Sud;Mar di Bismark meridionale;Mar de Bismarck meridional;Südl. Bismarcksee;Po³udniowe Morze Bismarcka;;;;;x
AREA_SOUTH_EAST_PACIFIC_OCEAN;South East Pacific Ocean;Océan Pacifique Sud-est ;Oceano Pacifico sud-orientale;Sureste del Océano Pacífico;Südöstl. Pazifik;Po³udniowo-wschodni Pacyfik;;;;;X
AREA_SOUTH_MOZAMBIQUE_CHANNEL;South Mozambique Channel;Sud du Canal du Mozambique;Canale del Mozambico meridionale;Canal de Mozambique meridional;Südl. Straße von Mosambik;Po³udniowy Kana³ Mozambicki;;;;;X
AREA_SOUTH_SEA_OF_OKHOTSK;South Sea of Okhotsk;Mer méridionale d’Okhotsk ;Mar di Okhotsk meridionale;Mar de Ojotsk meridional;Südl. Ochotskisch. Meer;Po³udniowe Morze Ochockie;;;;;X
AREA_SOUTH_SOUTHEAST_PACIFIC_OCEAN;South Southeast Pacific Ocean;Océan Pacifique Sud-sud-est ;Oceano Pacifico sud-orientale del sud;Sur del sureste del Pacífico;Südl. Südostpazifik;Po³udniowa Czêœæ Po³udniowo-Wschodniego Pacyfiku;;;;;X
AREA_SOUTH_TASMAN_SEA;South Tasman Sea;Mer de Tasman Sud;Mar di Tasmania meridionale;Mar de Tasmania meridional;Südl. Tasmansee;Po³udniowe Morze Tasmana;;;;;x
AREA_SOUTHEAST_COAST_OF_MADAGASCAR;Southeast Coast of Madagascar;Sud-est de la Côte de Madagascar;Costa del Madagascar sud-orientale;Costa sureste de Madagascar;Südostküste von Madagaskar;Po³udniowo-wschodnie Wybrze¿e Madagaskaru;;;;;X
AREA_SOUTHEAST_INDIAN_OCEAN;Southeast Indian Ocean;Océan indien Sud-est ;Oceano Indiano sud-orientale;Sureste del Océano Índico;Südöstl. Indischer Ozean;Po³udniowo-wschodni Ocean Indyjski;;;;;X
AREA_SOUTHEAST_NORTHSEA;Southeast North Sea;Mer du Nord Sud-est ;Mar del Nord sud-orientale;Sureste del Mar del Norte;Südöstliche Nordsee;Po³udniowo-zachodnie Morze Pó³nocne;;;;;x
AREA_SOUTHEAST_PACIFIC_BASIN;Southeast Pacific Basin;Bassin du Pacifique Sud-est ;Bacino del Pacifico sud-orientale;Cuenca del sureste del Pacífico;Südostpazifisches Becken;Wschodni Basen Po³udniowopacyficzny;;;;;X
AREA_SOUTHERN_BALTIC;Southern Baltic;Sud de la Baltique;Baltico meridionale;Báltico sur;Südl. Ostsee;Ba³tyk Po³udniowy;;;;;x
AREA_SOUTHWEST_INDIAN_OCEAN;Southwest Indian Ocean;Océan indien Sud-ouest ;Oceano Indiano sud-ovest;Suroeste del Océano Índico;Südwestl. Indischer Ozean;Po³udniowo-zachodni Ocean Indyjski;;;;;x
AREA_SOUTHWEST_PACIFIC_BASIN;Southwest Pacific Basin; Bassin du Pacifique Sud-ouest;Bacino del Pacifico sud-ovest;Cuenca del suroeste del Pacífico;Südwestpazifisches Becken;Zachodni Basen Po³udniowopacyficzny;;;;;X
AREA_SPRATLY_SEA;Spratly Sea;Mer de Spratly;Mar di Spratly;Mar del Sur de China;Südchinesisches Meer;Wyspy Nanszacun;;;;;x
AREA_SULU_SEA;Sulu Sea;Mer de Sulu ;Mar Sulu;Mar de Sulú;Sulusee;Morze Sulu;;;;;x
AREA_TAIWAN_STRAIT;Taiwan Strait;Détroit de Taiwan;Stretto di Taiwan;Estrecho de Taiwán;Straße von Taiwan;Cieœnina Tajwañska;;;;;x
AREA_TIMOR_SEA;Timor Sea;Mer de Timor;Mar di Timor;Mar de Timor;Timorsee;Morze Timor;;;;;X
AREA_TYRRHENIAN_SEA;Tyrrhenian Sea;Mer Tyrrhénienne;Mar Tirreno;Mar Tirreno;Tyrrhenisches Meer;Morze Tyrreñskie;;;;;x
AREA_WEST_BAY_OF_BENGAL;West Bay of Bengal;Baie occidentale du Bengale;Baia del Bengala occidentale;Golfo de Bengala occidental;Westl. Golf von Bengalen;Zachodnia Zatoka Bengalska;;;;;X
AREA_WEST_BERING_SEA;West Bering Sea;Mer occidentale de Béring;Mar di Bering occidentale;Mar de Bering occidental;Westl. Beringmeer;Zachodnie Morze Beringa;;;;;X
AREA_WEST_COAST_OF_AUSTRALIA;West Coast of Australia;Côte ouest de l’Australie;Costa occidentale dell'Australia;Costa occidental de Australia;Westküste von Australien;Zachodnie Wybrze¿e Australii;;;;;X
AREA_WEST_COAST_OF_CENTRAL_AMERICA;West Coast of Central America;Côte ouest d’Amérique centrale;Costa ovest dell'America centrale;Costa occidental de América Central;Westküste von Mittelamerika;Zachodnie Wybrze¿e Ameryki Œrodkowej;;;;;X
AREA_WEST_COAST_OF_CHILE;West Coast of Chile;Côte ouest du Chili;Costa occidentale del Cile;Costa occidental de Chile;Westküste von Chile;Zachodnie Wybrze¿e Chile;;;;;X
AREA_WEST_COAST_OF_MEXICO;West Coast of Mexico;Côte ouest du Mexique;Costa occidentale del Messico;Costa occidental de México;Westküste von Mexiko;Zachodnie Wybrze¿e Meksyku;;;;;X
AREA_WEST_COAST_OF_PERU;West Coast of Peru;Côte ouest du Pérou;Costa occidentale del Perù;Costa occidental de Perú;Westküste von Peru;Zachodnie Wybrze¿e Peru;;;;;X
AREA_WEST_COAST_OF_THE_UNITED_STATES;West Coast of the United States;Côte ouest des États-Unis;Costa occidentale USA;Costa occidental de los Estados Unidos;Westküste der Vereinigten Staaten;Zachodnie Wybrze¿e Stanów Zjednoczonych;;;;;X
AREA_WEST_CORAL_SEA;West Coral Sea;Mer de Corail occidentale;Mar dei Coralli occidentale;Mar occidental del Coral;Westl. Korallenmeer;Zachodnie Morze Koralowe;;;;;x
AREA_WEST_GREAT_AUSTRALIAN_BIGHT;West Great Australian Bight;Grande Baie australienne occidentale;Grande baia australiana occidentale;Gran Bahía Australiana occidental;Westl. Große Australische Bucht;Zachodnia Wielka Zatoka Australijska;;;;;x
AREA_WEST_GULF_OF_MEXICO;West Gulf of Mexico;Golfe de Mexico Ouest;Golfo del Messico occidentale;Golfo de México occidental;Westl. Golf von Mexiko;Zachodnia Zatoka Meksykañska;;;;;x
AREA_WEST_NORTHSEA;West North Sea;Ouest de la mer du Nord;Mar del Nord occidentale;Oeste del Mar del Norte;Westliche Nordsee;Zachodnie Morze Pó³nocne;;;;;x
AREA_WEST_SEA_OF_OKHOTSK;West Sea of Okhotsk;Mer occidentale d’Okhotsk;Mar di Okhotsk occidentale;Mar de Ojotsk occidental;Westl. Ochotskisch. Meer;Zachodnie Morze Ochockie;;;;;X
AREA_WESTERN_APPROACHES;Western Approaches ;Approches occidentales;Approcci occidentali;Aproximación occidental;Westeurop. Becken;Zachodnie Podejœcia;;;;;x
AREA_WESTERN_SOLOMONS;Western Solomons;Iles Salomon occidentales;Solomone occidentali;Salomón occidentales;Westliche Salomonen;Zachodnie Wyspy Salomona;;;;;x
AREA_WINDWARD_ISLANDS;Windward Islands;Iles du Vent;Isole di Windward;Islas de Barlovento;Östl. Karibik;Wyspy Winward;;;;;x
AREA_YELLOW_SEA;Yellow Sea;Mer Jaune;Mar Giallo;Mar Amarillo;Gelbes Meer;Morze ¯ó³te;;;;;X
AREA_YUCATAN_STRAIT;Yucatan Strait;Détroit de Yucatan;Stretto dello Yucatan;Estrecho de Yucatán;Straße von Yucatan;Cieœnina Jukatañska;;;;;x
CANADA_MARITIMES;Canadian Maritimes;Maritimes canadiennes;Marittime canadesi;Marítimas de Canadá;Kanadische Seeprovinzen;Kanadyjskie Prowincje Nadmorskie;;;;;x
CENTRAL_MID_ATLANTIC_RIDGE;Central Mid-Atlantic Ridge;Dorsale médio-atlantique centre ;Dorsale medio-atlantica centrale;Dorsal central del Atlántico medio;Mittl. Zentralatlant. Rücken;Œrodkowy Grzbiet Œrodkowoatlantycki;;;;;x
GRAND_BANKS;Grand Banks;Grands Bancs de Terre-Neuve;Grand Banks;Grand Banks;Neufundlandbank;Wielkie £awice;;;;;x
GUIANA_BASIN;Guiana Basin;Bassin guyanais;Bacino della Guiana;Cuenca de las Guayanas;Guayanabecken;Basen Gujañski;;;;;x
NORTHERN_SEA_OF_LABRADOR;Northern Sea of Labrador;Mer septentrionale du Labrador;Mar del Labrador settentrionale;Mar del Labrador septentrional;Nördl. Labradorsee;Pó³nocny Basen Labradorski;;;;;x
SOUTH_CENTRAL_MID_ATLANTIC_RIDGE;South-Central Mid-Atlantic Ridge;Dorsale médio-atlantique Sud-centre ;Dorsale medio-atlantica centro-meridionale;Dorsal sur-central del Atlántico medio;Mittl. Südzentralatlant. Rücken ;Po³udniowy Grzbiet Œrodkowoatlantycki;;;;;x
SOUTHERN_SEA_OF_LABRADOR;Southern Sea of Labrador;Mer méridionale du Labrador;Mar del Labrador meridionale;Mar del Labrador meridional;Südl. Labradorsee;Po³udniowy Basen Labradorski;;;;;x
THE_SEAMOUNTS;The Seamounts;Monts sous-marin;Monti marini;Montes submarinos;Tiefseeberge;Podmorskie Szczyty;;;;;x
US_MARITIMES;US Maritimes;Maritimes américaines;Marittime statunitensi;Marítimas de EE. UU.;US-Amerikanische Seeprovinzen;Amerykañskie Prowincje Nadmorskie;;;;;x
#;;;;;;;;;;;x
REG_-;-;-;-;-;-;-;;;;;X
REG_LAKE;Lake;Lac;Lago;Lago;See;Jezioro;;;;;x
REGION_AFGHANISTAN;Afghanistan;Afghanistan;Afghanistan;Afganistán;Afghanistan;Afganistan;;;;;x
REGION_ALASKA;Alaska;Alaska;Alaska;Alaska;Alaska;Alaska;;;;;x
REGION_ALGERIA;Algeria;Algérie;Algeria;Argelia;Algerien;Algieria;;;;;x
REGION_AMAZONAS;Amazonas;Amazonas;Amazzonie;Amazonas;Amazonas;Amazonka;;;;;X
REGION_AMERICAN_PACIFIC;American Pacific;Pacifique américain;Pacifico americano;Pacífico americano;Amerikanischer Pazifik;Amerykañska Czêœæ Pacyfiku;;;;;X
REGION_ANATOLIA;Anatolia;Anatolie;Anatolia;Península de Anatolia;Anatolien;Anatolia;;;;;X
REGION_ANDES;Andes;Andes;Ande;Los Andes;Anden;Andy;;;;;X
REGION_ASIAN_PACIFIC;Asian Pacific;Asie-Pacifique;Pacifico asiatico;Pacífico asiático;Asiatischer Pazifik;Azjatycka Czêœæ Pacyfiku;;;;;X
REGION_AUSTRALIA;Australia;Australie;Australia;Australia;Australien;Australia;;;;;X
REGION_AUSTRIA;Austria;Autriche;Austria;Austria;Österreich;Austria;;;;;X
REGION_BALKAN;Balkan;Balkans;Balcani;Balcanes;Balkan;Ba³kany;;;;;X
REGION_BALTIC_STATES;Baltic States;États baltes;Stati del Baltico;Estados Bálticos;Baltikum;Kraje Ba³tyckie;;;;;X
REGION_BELARUS;Belarus;Bélarus;Belros;Belarús;Belarus;Bia³oruœ;;;;;X
REGION_BENELUX;Benelux;Benelux;Benelux;El Benelux;Benelux;Beneluks;;;;;X
REGION_BISMARCK_ARCHIPELAGO;Bismarck Archipelago;Archipel de Bismarck;Arcipelago di Bismark;Archipiélago de Bismarck;Bismarck-Archipel;Archipelag Bismarcka;;;;;X
REGION_BRAZIL;Brazil;Brésil;Brasile;Brasil;Brasilien;Brazylia;;;;;X
REGION_BRAZILIAN_HIGHLANDS;Brazilian Highlands;Hautes terres du Brésil;Altipiani del Brasile;Tierras Altas de Brasil;Brasilianisches Hochland;Wy¿yny Brazylii;;;;;X
REGION_CANADA;Central Canada;Canada;Canada;Canadá;Kanada;Kanada;;;;;X
REGION_CARIBBEAN;Caribbean;Caraïbes;Caraibi;El Caribe;Karibik;Karaiby;;;;;X
REGION_CENTRAL_AFRICA;Central Africa;Afrique centrale;Africa centrale;África Central;Zentralafrika;Œrodkowa Afryka;;;;;X
REGION_CENTRAL_AMERICA;Central America;Amérique centrale;America centrale;Centroamérica;Mittelamerika;Œrodkowa Ameryka;;;;;X
REGION_CENTRAL_ASIA;Central Asia;Asie centrale;Asia centrale;Asia Central;Zentralasien;Œrodkowa Azja;;;;;X
REGION_CHINA;China;Chine;Cina;China;China;Chiny;;;;;X
REGION_CZECHOSLOVAKIA;Czechoslovakia;Tchécoslovaquie;Cecoslovacchia;Checoslovaquia;Tschechoslowakei;Czechos³owacja;;;;;X
REGION_DENMARK;Denmark;Danemark;Danimarca;Dinamarca;Dänemark;Dania;;;;;X
REGION_DIEGO_GARCIA_ISLAND;Diego Garcia Island;Ile de Diego Garcia;Isola di Diego Garcia;Isla de Diego García;Diego Garcia;Wyspy Diego Garcii;;;;;X
REGION_EAST_AFRICA;East Africa;Afrique orientale;Africa orientale;África del Este;Ostafrika;Wschodnia Afryka;;;;;X
REGION_EGYPT;Egypt;Égypte;Egitto;Egipto;Ägypten;Egipt;;;;;X
REGION_ENGLAND;England;Angleterre;Inghilterra;Inglaterra;England;Anglia;;;;;X
REGION_ETHIOPIA;Ethiopia;Éthiopie;Etiopia;Etiopía;Äthiopien;Etiopia;;;;;X
REGION_FAR_EAST_SIBERIA;Far East Siberia;Sibérie extrême-orientale;Siberia estremo-orientale;Siberia oriental;Östl. Sibirien;Wschodnia Syberia;;;;;X
REGION_FINLAND;Finland;Finlande;Finlandia;Finlandia;Finnland;Finlandia;;;;;X
REGION_FRANCE;France;France;Francia;Francia;Frankreich;Francja;;;;;X
REGION_GERMANY;Germany;Allemagne;Germania;Alemania;Deutschland;Niemcy;;;;;X
REGION_GRAN_CHACO;Gran Chaco;Gran Chaco;Gran Chaco;Gran Chaco;Gran Chaco;Gran Chaco;;;;;X
REGION_GRAND_COLOMBIA;Grand Colombia;Grand Colombie;Grand Colombia;Gran Colombia;Großkolumbien;Grand Colombia;;;;;X
REGION_GREENLAND;Greenland;Groenland;Groenlandia;Groenlandia;Grönland;Grenlandia;;;;;X
REGION_HORN_OF_AFRICA;Horn of Africa;Corne de l’Afrique;Corno d'Africa;Cuerno de África;Horn von Afrika;Przyl¹dek Horn;;;;;X
REGION_HUNGARY;Hungary;Hongrie;Ungheria;Hungría;Ungarn;Wêgry;;;;;X
REGION_ICELAND;Iceland;Islande;Islanda;Islandia;Island;Islandia;;;;;X
REGION_INDIA;India;Inde;India;India;Indien;Indie;;;;;X
REGION_INDOCHINE;Indochine;Indochine;Indocina;Indochina;Indochina;Indochiny;;;;;X
REGION_INDONESIA;Indonesia;Indonésie;Indonesia;Indonesia;Indonesien;Indonezja;;;;;X
REGION_IRELAND;Ireland;Irlande;Irlanda;Irlanda;Irland;Irlandia;;;;;X
REGION_IRKUTSK;Irkutsk;Irkoutsk;Irkutsk;Irkutsk;Irkutsk;Irkuck;;;;;X
REGION_ITALY;Italy;Italie;Italia;Italia;Italien;W³ochy;;;;;X
REGION_JAPAN;Japan;Japon;Giappone;Japón;Japan;Japonia;;;;;X
REGION_KAUKASUS;Kaukasus;Caucase;Caucaso;Cáucaso;Kaukasus;Kaukaz;;;;;X
REGION_KAZAKSTAN;Kazakstan;Kazakhstan;Kazakstan;Kazajstán;Kasachstan;Kazachstan;;;;;X
REGION_KAZAN;Kazan;Kazan;Kazan;Kazán;Kazan;Kazañ;;;;;X
REGION_KOREA;Korea;Corée;Corea;Corea;Korea;Korea;;;;;X
REGION_KRASNOYARSK_;Krasnoyarsk;Krasnoïarsk;Krasnoyarsk;Krasnoyarsk;Krasnojarsk;Krasnojarsk;;;;;X
REGION_LIBYA;Libya;Libye;Libia;Libia;Libyen;Libia;;;;;X
REGION_MADAGASCAR;Madagascar;Madagascar;Madagascar;Madagascar;Madagaskar;Madagaskar;;;;;X
REGION_MAGADAN;Magadan;Magadan;Magadan;Magadan;Magadan;Magadan;;;;;X
REGION_MEXICO;Mexico;Mexique;Messico;México;Mexiko;Meksyk;;;;;X
REGION_MIDDLE_EAST;Middle East;Moyen-Orient;Medio Oriente;Oriente Próximo;Mittlerer Osten;Bliski Wschód;;;;;X
REGION_MIDWEST_US;Midwest US;Midwest États-Unis;Stati Uniti centro-occidentali;Medio Oeste de Estados Unidos ;Nördl. Mittl. USA;Œrodkowo-zachodnie Stany Zjednoczone;;;;;X
REGION_MOROCCO;Morocco;Maroc;Marocco;Marruecos;Marokko;Maroko;;;;;X
REGION_NEW_GUINEA;New Guinea;Nouvelle Guinée;Nuova Guinea;Nueva Guinea;Neu Guinea;Nowa Gwinea;;;;;X
REGION_NORTH_SOLOMON_ISLANDS;Solomons;Iles Salomon Nord ;Isole Salomone settentrionali;Islas Salomón septentrionales;Salomon-Inseln;Pó³nocne Wyspy Salomona;;;;;X
REGION_NORTHEAST_US_;Northeast US;Nord-est des États-Unis;Stati Uniti nord-orientali;Noreste de los Estados Unidos;Nordöstl. USA;Pó³nocno-wschodnie Stany Zjednoczone;;;;;X
REGION_NORTHERN_PERMAFROST;Northern Permafrost;Pergélisol Nord;Ghiacciaio settentrionale;Permafrost septentrional;Nördliches Permafrost;Pó³nocna Wieczna Zmarzlina;;;;;X
REGION_NORTHWEST_US;Northwest US;Nord-ouest des États-Unis;Stati Uniti nord-occidentali;Noroeste de los Estados Unidos;Nordwestl. USA;Pó³nocno-zachodnie Stany Zjednoczone;;;;;X
REGION_NORWAY;Norway;Norvège;Norvegia;Noruega;Norwegen;Norwegia;;;;;X
REGION_NOVOSIBIRSK;Novosibirsk;Novossibirsk;Novosibirsk;Novosibirsk;Nowosibirsk;Nowosybirsk;;;;;X
REGION_PATAGONIA;Patagonia;Patagonie;Patagonia;Patagonia;Patagonien;Patagonia;;;;;X
REGION_PERSIA;Persia;Perse;Persia;Persia;Persien;Persja;;;;;X
REGION_PHILIPPINES;Philippines;Philippines;Filippine;Filipinas;Philippinen;Filipiny;;;;;X
REGION_POLAND;Poland;Pologne;Polonia;Polonia;Polen;Polska;;;;;X
REGION_PORTUGAL;Portugal;Portugal;Portogallo;Portugal;Portugal;Portugalia;;;;;X
REGION_RIO_DE_LA_PLATA;Rio de la Plata;Rio de la Plata;Rio de la Plata;Río de la Plata;Rio de la Plata;Rio de la Plata;;;;;X
REGION_ROMANIA;Romania;Roumanie;Romania;Rumania;Rumänien;Rumunia;;;;;X
REGION_RUSSIA;Russia;Russie;Russia;Rusia;Russland;Rosja;;;;;X
REGION_SAHARA;Sahara;Sahara;Sahara;Sahara;Sahara;Sahara;;;;;X
REGION_SCOTLAND;Scotland;Écosse;Scozia;Escocia;Schottland;Szkocja;;;;;X
REGION_SOUTH_AFRICA;South Africa;Afrique du Sud;Sudafrica;Sudáfrica;Südafrika;Afryka Po³udniowa;;;;;X
REGION_SOUTH_SOLOMON_ISLANDS;New Hebrides;Iles Salomon méridionale;Isole Salomone meridionali;Islas Salomón meridionales;Süd-Salomonische Inseln;Po³udniowe Wyspy Salomona;;;;;X
REGION_SOUTHCENTRAL_US;Southcentral US;États-Unis sud-centre ;Stati Uniti sud-centrali;Centro-sur de los Estados Unidos;Südl. Mittl. USA;Œrodkowo-po³udniowe Stany Zjednoczone;;;;;X
REGION_SOUTHEAST_US;Southeast US;États-Unis sud-est ;Stati Uniti sud-orientali;Sureste de los Estados Unidos;Südöstl. USA;Po³udniowo-wschodnie Stany Zjednoczone;;;;;X
REGION_SOUTHWEST_AFRICA;Southwest Africa;Afrique sud-ouest;Africa sud-occidentale;Suroeste de África;Südwestafrika;Po³udniowo-zachodnia Afryka;;;;;X
REGION_SOUTHWEST_US;Southwest US;États-Unis sud-ouest ;Stati Uniti sud-occidentali;Suroeste de los Estados Unidos;Südwestl. USA;Po³udniowo-zachodnie Stany Zjednoczone;;;;;X
REGION_SPAIN;Spain;Espagne;Spagna;España;Spanien;Hiszpania;;;;;X
REGION_SUDAN;Sudan;Soudan;Sudan;Sudán;Sudan;Sudan;;;;;X
REGION_SWEDEN;Sweden;Suède;Svezia;Suecia;Schweden;Szwecja;;;;;X
REGION_SWITZERLAND;Switzerland;Suisse;Svizzera;Suiza;Schweiz;Szwajcaria;;;;;X
REGION_TOMSK;Tomsk;Tomsk;Tomsk;Tomsk;Tomsk;Tomsk;;;;;X
REGION_TUNISIA;Tunisia;Tunisie;Tunisia;Túnez;Tunesien;Tunezja;;;;;X
REGION_UKRAINE;Ukraine;Ukraine;Ucraina;Ucrania;Ukraine;Ukraina;;;;;X
REGION_URALS;Urals;Oural;Urali;Los Urales;Ural;Ural;;;;;X
REGION_WEST_AFRICA;West Africa;Afrique occidentale;Africa occidentale;África del Oeste;Westafrika;Zachodnia Afryka;;;;;X
REGION_WHITE_SEA_TUNDRA;White Sea Tundra;Toundra de la Mer Blanche;Tundra del Mar Bianco;Tundra del Mar Blanco;Weißes Meer Tundra ;Tundra przy Morzu Bia³ym;;;;;X
#;;;;;;;;;;;X
SEAREGION_ARABIAN_SEA;Arabian Sea;Mer d’Oman;Mar d'Arabia;Mar Arábigo;Arabisches Meer;Morze Arabskie;;;;;X
SEAREGION_BALTIC_SEA;Baltic Sea;Mer Baltique;Mar Baltico;Mar Báltico;Ostsee;Morze Ba³tyckie;;;;;x
SEAREGION_BAY_OF_BENGAL;Bay of Bengal;Baie du Bengale;Baia del Bengala;Golfo de Bengala;Golf von Bengalen;Zatoka Bengalska;;;;;X
SEAREGION_BERING_SEA;Bering Sea;Mer de Béring;Mar di Bering;Mar de Bering;Beringmeer;Morze Beringa;;;;;X
SEAREGION_BISMARCK_SEA;Bismarck Sea;Mer de Bismarck;Mar di Bismark;Mar de Bismarck;Bismarcksee;Morze Bismarcka;;;;;x
SEAREGION_BLACK_SEA;Black Sea;Mer Noire;Mar Nero;Mar Negro;Schwarzes Meer;Morze Czarne;;;;;X
SEAREGION_BRAZILIAN_COAST;Brazilian Coast;Côte brésilienne;Costa del Brasile;Costa de Brasil;Küste von Brasilien;Wybrze¿e Brazylii;;;;;X
SEAREGION_CANADIAN_ARCTIC;Canadian Arctic;Arctique canadien;Artico canadese;Ártico canadiense;Kanadische Arktis;Arktyka Kanadyjska;;;;;x
SEAREGION_CAPE_OF_GOOD_HOPE;Cape of Good Hope;Cap de Bonne Espérance;Capo di Buona Speranza;Cabo de Buena Esperanza;Kap der Guten Hoffnung;Przyl¹dek Dobrej Nadziei;;;;;x
SEAREGION_CARRIBEAN;Carribean;Caraïbes;Caraibi;El Caribe;Karibik;Karaiby;;;;;X
SEAREGION_CELTIC_SEA;Celtic Sea;Mer Celte;Mar Celtico;Mar Celta;Keltisches Meer;Morze Celtyckie;;;;;X
SEAREGION_CENTRAL_MEDITERRANEAN;Central Mediterranean;Méditerranée centrale;Mediterraneo centrale;Mediterráneo central;Zentr. Mittelmmer;Œrodkowe Morze Œródziemne;;;;;X
SEAREGION_CENTRAL_MID_ATLANTIC_RIDGE;Central Mid-Atlantic Ridge;Dorsale médio-atlantique centre;Dorsale medio-atlantica centrale;Dorsal central del Atlántico medio;Mittl. Zentralatlant. Rücken;Grzbiet Œrodkowoatlantycki;;;;;x
SEAREGION_CENTRAL_PACIFIC_OCEAN;Central Pacific Ocean;Océan Pacifique centre;Oceano Pacifico centrale;Océano Pacífico central;Zentral. Pazifik;Œrodkowy Pacyfik;;;;;X
SEAREGION_COAST_OF_MADAGASCAR;Coast of Madagascar;Côte de Madagascar;Costa del Madagascar;Costa de Madagascar;Küste von Madagaskar;Wybrze¿e Madagaskaru;;;;;X
SEAREGION_CORAL_SEA;Coral Sea;Mer de Corail;Mar dei Coralli;Mar del Coral;Korallenmeer;Morze Koralowe;;;;;X
SEAREGION_EAST_CHINA_SEA;East China Sea;Mer de Chine orientale ;Mar della Cina orientale;Mar de la China oriental;Ostchinesisches Meer;Wschodnie Morze Chiñskie;;;;;X
SEAREGION_EAST_INDIAN_OCEAN;East Indian Ocean;Océan indien Est;Oceano Indiano orientale;Océano Índico oriental;Ostindischer Ozean;Wschodni Ocean Indyjski;;;;;X
SEAREGION_EAST_PACIFIC_OCEAN;East Pacific Ocean;Océan Pacifique oriental;Oceano Pacifico orientale;Este del Océano Pacífico;Östl. Pazifik;Wschodni Pacyfik;;;;;X
SEAREGION_EASTERN_ATLANTIC;Eastern Atlantic;Atlantique oriental;Atlantico orientale;Atlántico oriental;Südöstl. Nordatlantik;Wschodni Atlantyk;;;;;X
SEAREGION_EASTERN_MEDITERRANEAN;Eastern Mediterranean;Méditerranée orientale;Mediterraneo orientale;Mediterráneo oriental;Östl. Mittelmeer;Wschodnie Morze Œródziemne;;;;;X
SEAREGION_EASTERN_SEABOARD;Eastern Seaboard;Littoral maritime oriental;Litorale orientale;Litoral oriental;Ostküste von Nordamerika;Wschodnie Wybrze¿e ;;;;;x
SEAREGION_GRAND_BANKS_SHELF;Grand Banks Shelf;Fond des grands-bancs de Terre-Neuve;Scogliera dei Grand Banks;Plataforma de Grand Banks;Neufundlandbank;Szelf Wielkich £awic;;;;;x
SEAREGION_GREAT_AUSTRALIAN_BIGHT;Great Australian Bight;Grande Baie australienne;Grande baia australiana;Gran Bahía Australiana;Große Australische Bucht;Wielka Zatoka Australijska;;;;;X
SEAREGION_HOME_ISLANDS;Home Islands;Archipel japonais;Isole del Giappone;Islas Centrales;Heimatinseln;Wyspy Rodzinne;;;;;X
SEAREGION_IBERIAN_WEST_COAST;Iberian West Coast;Côte ibérique ouest;Costa occidentale iberica;Costa ibérica occidental;Iberische Westküste;Zachodnie Wybrze¿e Pó³wyspu Iberyjskiego;;;;;X
SEAREGION_ICE_SEA;Eastern Arctic Ocean;Océan arctique oriental;Oceano Artico orientale;Este del Océano Glacial Ártico;Östl. Arktischer Ozean;Wschodnie Morze Arktyczne;;;;;X
SEAREGION_JAVA_SEA;Java Sea;Mer de Java;Mar di Giava;Mar de Java;Javasee;Morze Jawajskie;;;;;X
SEAREGION_MEXICAN_GULF;Mexican Gulf;Golfe du Mexique;Golfo del Messico;Golfo de México;Golf von Mexiko;Zatoka Meksykañska;;;;;x
SEAREGION_MOLUCCAS;Moluccas;Moluques;Molucche;Las Molucas;Molukken;Moluki;;;;;X
SEAREGION_MOZAMBIQUE_CHANNEL;Mozambique Channel;Canal du Mozambique;Canale del Mozambico;Canal de Mozambique;Straße von Mosambik;Kana³ Mozambicki;;;;;X
SEAREGION_NORTH_ATLANTIC;North Atlatic;Atlantique nord;Nord Atlantico;Atlántico Norte;Nördl. Nordatlantik;Pó³nocny Atlantyk;;;;;X
SEAREGION_NORTH_PACIFIC_OCEAN;North Pacific Ocean;Océan Pacifique Nord;Oceano Pacifico settentrionale;Norte del Océano Pacífico;Nördl. Pazifik;Pó³nocny Pacyfik;;;;;X
SEAREGION_NORTH_SEA;North Sea;Mer du Nord;Mar del Nord;Mar del Norte;Nordsee;Morze Pó³nocne;;;;;X
SEAREGION_NORTHEAST_ATLANTIC;Northeast Atlantic;Atlantique nord-est;Nord-est Atlantico;Noreste del Atlántico;Nordöstl. Nordatlantik;Pó³nocno-wschodni Atlantyk;;;;;X
SEAREGION_NORTHWEST_ATLANTIC;Northwest Atlantic;Atlantique Nord-ouest;Nord-ovest Atlantico;Noroeste del Atlántico ;Nordwestl. Nordatlantik;Pó³nocno-zachodni Atlantyk;;;;;X
SEAREGION_PACIFIC_ANTARCTIC_RIDGE;Pacific-Antarctic Ridge;Dorsale Pacifique-Antarctique;Dorsale pacifico-antartica;Dorsal Pacífico-Antártica;Pazifisch-Antarktischer Rücken;Grzbiet Po³udniowopacyficzny;;;;;X
SEAREGION_PHILIPPINE_SEA;Philippine Sea;Mer des Philippines;Mar delle Filippine;Mar de Filipinas;Philippinisches Meer;Morze Filipiñskie;;;;;X
SEAREGION_SARGASSOS;Sargassos;Sargasses;Sargassos;Los Sargazos;Sargassosee;Morze Sargassowe;;;;;X
SEAREGION_SEA_OF_OKHOTSK;Sea of Okhotsk;Mer d’Okhotsk;Mar di Okhotsk;Mar de Ojotsk;Ochotskisches Meer;Morze Ochockie;;;;;X
SEAREGION_SOUTH_CHINA_SEA;South China Sea;Mer de Chine méridionale ;Mar della Cina meridionale;Mar de la China meridional;Südchinesisches Meer;Po³udniowe Morze Chiñskie;;;;;X
SEAREGION_SOUTH_INDIAN_OCEAN;South Indian Ocean;Océan Indien méridional;Oceano Indiano meridionale;Océano Índico meridional;Südindischer Ozean;Po³udniowy Ocean Indyjski;;;;;X
SEAREGION_SOUTH_PACIFIC_OCEAN;South Pacific Ocean;Océan Pacifique méridional;Oceano Pacifico meridionale;Sur del Océano Pacífico;Südl. Pazifik;Po³udniowy Pacyfik;;;;;X
SEAREGION_SOUTHCENTRAL_ATLANTIC;Southcentral Atlantic;Atlantique Sud-central;Atlantico sud-centrale;Centro-sur del Atlántico ;Nördl. Südatlantik;Œrodkowo-po³udniowy Atlantyk;;;;;X
SEAREGION_SOUTHEAST_ATLANTIC_OCEAN;Southeast Atlantic Ocean;Océan Atlantique Sud-est;Oceano Atlantico sud-orientale;Sureste del Océano Atlántico;Südöstl. Südatlantik;Po³udniowo-wschodni Atlantyk;;;;;X
SEAREGION_SOUTHEAST_PACIFIC_OCEAN;Southeast Pacific Ocean;Océan Pacifique Sud-est;Oceano pacifico sud-orientale;Sureste del Océano Pacífico;Südöstl. Pazifik;Po³udniowo-wschodni Pacyfik;;;;;X
SEAREGION_SOUTHWEST_ATLANTIC_OCEAN;Southwest Atlantic Ocean;Océan Atlantique Sud-ouest;Oceano Atlantico sud-occidentale;Suroeste del Océano Atlántico;Südwestl. Südatlantik;Po³udniowo-zachodni Atlantyk;;;;;X
SEAREGION_TASMAN_SEA;Tasman Sea;Mer de Tasman;Mar di Tasmania;Mar de Tasmania;Tasmansee;Morze Tasmana;;;;;X
SEAREGION_WEST_COAST_OF_NORTH_AMERICA;West Coast of North America;Amérique du Nord côte Ouest ;Costa ovest dell'America del nord;Costa occidental de Norteamérica;Westküste von Nordamerika;Zachodnie wybrze¿e Ameryki Pó³nocnej ;;;;;X
SEAREGION_WEST_COAST_OF_SOUTH_AMERICA;West Coast of South America;Côte ouest d’Amérique du Sud ;Costa occidentale del Sudamerica;Costa occidental de Sudamérica;Westküste von Südamerika;Zachodnie Wybrze¿e Ameryki Po³udniowej;;;;;X
SEAREGION_WEST_INDIAN_OCEAN;West Indian Ocean;Océan Indien occidental;Oceano indiano occidentale;Océano Índico occidental;Westindischer Ozean;Zachodnie Ocean Indyjski;;;;;X
SEAREGION_WESTERN_ICE_SEA;Western Arctic Ocean;Océan Arctique occidental;Oceano Artico occidentale;Oeste del Océano Glacial Ártico;Westl. Arktischer Ozean;Zachodnie Morze Arktyczne;;;;;X
SEAREGION_WESTERN_MEDITERRANEAN;Western Mediterranean;Méditerranée occidentale;Mediterraneo occidentale;Mediterráneo occidental;Westl. Mittelmeer;Zachodnie Morze Œródziemne;;;;;X
#;;;;;;;;;;;x
NHEMIS;Northern Hemisphere;Hémisphère nord;Emisfero settentrionale;Hemisferio norte;Nördliche Hemisphäre;Pó³kula Pó³nocna;;;;;x
SHEMIS;Southern Hemisphere;Hémisphère sud;Emisfero meridionale;Hemisferio sur;Südliche Hemisphäre;Pó³kula Po³udniowa;;;;;x
#;;;;;;;;;;;x
WEATHER_CLEAR;Clear;Clair;Sereno;Despejado;Klar;Pogodnie;;;;;x
WEATHER_FROZEN;Frozen;Gelé;Ghiacciato;Helado;Frost;Mróz;;;;;x
WEATHER_RAINING;Raining;Pluvieux;Pioggia;Lluvioso;Regen;Deszcz;;;;;x
WEATHER_SNOWING;Snowing;Neigeux;Neve;Nevado;Schnee;Œnieg;;;;;x
WEATHER_STORM;Storm;Tempête;Tempesta;Tormenta;Sturm;Burza;;;;;x
WEATHER_BLIZZARD;Blizzard;Tempête de neige;Bufera;Ventisca;Schneesturm;Œnie¿yca;;;;;x
WEATHER_MUDDY;Muddy;Boueux;Fangoso;Embarrado;Schlamm;B³ota;;;;;x
#;;;;;;;;;;;x
CLIMATE;Climate;Climat;Clima;Clima;Klima;Klimat;;;;;x
CLIMATE_-;No Climate Specified;Aucun climat précisé;Nessun clima specificato;Ningún clima especificado;Kein Klima angegeben;Brak okreœlonego klimatu;;;;;x
CLIMATE_ARCTIC;Arctic;Arctique;Artico;Ártico;Arktisch;Arktyczny;;;;;x
CLIMATE_SUBARCTIC;Subarctic;Sub-arctique;Subartico;Subártico;Subarktisch;Subarktyczny;;;;;x
CLIMATE_TEMPERATE;Temperate;Tempéré;Temperato;Templado;Gemäßigt;Umiarkowany;;;;;x
CLIMATE_MUDDY;Temperate/Muddy;Tempéré/Boueux;Temperato/coperto;Templado/Embarrado;Gemäßigt/Schlammig;Umiarkowany/Wilgotny;;;;;x
CLIMATE_MEDITERRANEAN;Mediterranean;Méditerranéen;Mediterraneo;Mediterráneo;Mediterran;Œródziemnomorski;;;;;x
CLIMATE_SUBTROPICAL;Subtropical;Sub-tropical;Subtropicale;Subtropical;Subtropisch;Subtropikalny;;;;;x
CLIMATE_TROPICAL;Tropical;Tropical;Tropicale;Tropical;Tropisch;Tropikalny;;;;;x
#EOF;;;;;;;;;;;x
#EOF;;;;;;;;;;;x
